id;river_km_id;datetime;water_perc;ice_perc;other_perc;cloud_perc;nd_perc;qc;source
1;117263;2019-01-01T07:42:12;98;2;0;0;0;2;Sentinel-1
2;117263;2019-01-02T07:33:09;98;2;0;0;0;2;Sentinel-1
3;117263;2019-01-03T18:43:05;99;1;0;0;0;2;Sentinel-1
4;117263;2019-01-04T18:34:18;99;1;0;0;0;2;Sentinel-1
5;117263;2019-01-07T07:41:19;98;2;0;0;0;2;Sentinel-1
6;117263;2019-01-08T07:34:02;98;1;0;0;1;2;Sentinel-1
7;117263;2019-01-10T18:35:00;92;8;0;0;0;2;Sentinel-1
8;117263;2019-01-13T07:42:12;98;2;0;0;0;2;Sentinel-1
9;117263;2019-01-14T07:33:09;99;1;0;0;0;2;Sentinel-1
10;117263;2019-01-15T18:43:05;98;1;0;0;1;2;Sentinel-1
11;117263;2019-01-16T18:34:18;99;1;0;0;0;2;Sentinel-1
12;117263;2019-01-19T07:41:19;98;2;0;0;0;2;Sentinel-1
13;117263;2019-01-20T07:34:02;98;1;0;0;1;2;Sentinel-1
14;117263;2019-01-22T18:34:58;97;2;0;0;1;2;Sentinel-1
15;117263;2019-01-25T07:42:12;97;2;0;0;1;2;Sentinel-1
16;117263;2019-01-26T18:50:36;98;1;0;0;1;2;Sentinel-1 Sentinel-2
17;117263;2019-01-27T18:43:05;98;2;0;0;0;2;Sentinel-1
18;117263;2019-01-28T18:34:17;98;2;0;0;0;2;Sentinel-1 Sentinel-2
19;117263;2019-01-31T18:58:41;98;2;0;0;0;2;Sentinel-1 Sentinel-2
20;117263;2019-02-01T18:51:17;98;2;0;0;0;2;Sentinel-1 Sentinel-2
21;117263;2019-02-03T12:43:51;0;47;5;48;0;1;Sentinel-2
22;117263;2019-02-06T18:59:24;94;5;0;0;1;2;Sentinel-1 Sentinel-2
23;117263;2019-02-08T18:43:05;66;26;8;0;0;2;Sentinel-1 Sentinel-2
24;117263;2019-02-09T18:34:17;65;31;3;0;1;2;Sentinel-1 Sentinel-2
25;117263;2019-02-11T12:54:06;0;0;0;99;1;0;Sentinel-2
26;117263;2019-02-12T18:58:41;98;2;0;0;0;2;Sentinel-1 Sentinel-2
27;117263;2019-02-13T18:51:16;82;18;0;0;0;2;Sentinel-1 Sentinel-2
28;117263;2019-02-14T13:04:04;0;78;3;18;1;0;Sentinel-2
29;117263;2019-02-15T18:34:58;93;7;0;0;0;2;Sentinel-1 Sentinel-2
30;117263;2019-02-18T18:59:24;57;43;0;0;0;1;Sentinel-1 Sentinel-2
31;117263;2019-02-19T18:50:36;26;74;0;0;0;0;Sentinel-1 Sentinel-2
32;117263;2019-02-20T18:43:05;98;2;0;0;0;2;Sentinel-1 Sentinel-2
33;117263;2019-02-21T18:34:17;0;99;1;0;0;0;Sentinel-1 Sentinel-2
34;117263;2019-02-24T18:58:41;97;2;0;0;1;2;Sentinel-1 Sentinel-2
35;117263;2019-02-25T07:34:00;98;2;0;0;0;2;Sentinel-1
36;117263;2019-02-26T12:53:48;0;2;8;90;0;0;Sentinel-2
37;117263;2019-02-27T18:34:58;92;8;0;0;0;2;Sentinel-1
38;117263;2019-02-28T13:33:25;0;7;0;92;1;0;Sentinel-1 Sentinel-2
39;117263;2019-03-02T18:59:24;91;9;0;0;0;2;Sentinel-1 Sentinel-2
40;117263;2019-03-03T07:33:08;98;2;0;0;0;2;Sentinel-1
41;117263;2019-03-04T18:43:05;96;3;0;0;1;2;Sentinel-1 Sentinel-2
42;117263;2019-03-05T18:34:17;81;19;0;0;0;2;Sentinel-1 Sentinel-2
43;117263;2019-03-06T13:04:05;0;0;0;99;1;0;Sentinel-1 Sentinel-2
44;117263;2019-03-08T18:58:41;60;39;0;0;1;1;Sentinel-1 Sentinel-2
45;117263;2019-03-09T18:51:16;97;2;0;0;1;2;Sentinel-1 Sentinel-2
46;117263;2019-03-10T12:43:56;0;46;0;53;1;0;Sentinel-2
47;117263;2019-03-11T18:34:58;94;5;0;0;1;2;Sentinel-1 Sentinel-2
48;117263;2019-03-14T18:59:24;91;8;0;0;1;2;Sentinel-1 Sentinel-2
49;117263;2019-03-15T18:50:36;98;2;0;0;0;2;Sentinel-1 Sentinel-2
50;117263;2019-03-16T18:43:05;75;24;0;0;1;2;Sentinel-1 Sentinel-2
51;117263;2019-03-17T18:34:17;98;2;0;0;0;2;Sentinel-1
52;117263;2019-03-18T12:53:53;0;49;1;49;1;0;Sentinel-1 Sentinel-2
53;117263;2019-03-20T18:58:41;97;2;0;0;1;2;Sentinel-1 Sentinel-2
54;117263;2019-03-21T18:51:16;14;85;0;0;1;0;Sentinel-1 Sentinel-2
55;117263;2019-03-23T18:34:58;96;3;0;0;1;2;Sentinel-1 Sentinel-2
56;117263;2019-03-26T18:59:24;94;5;0;0;1;2;Sentinel-1 Sentinel-2
57;117263;2019-03-27T18:50:36;98;2;0;0;0;2;Sentinel-1 Sentinel-2
58;117263;2019-03-28T18:43:05;88;11;0;0;1;2;Sentinel-1 Sentinel-2
59;117263;2019-03-29T18:34:17;97;3;0;0;0;2;Sentinel-1 Sentinel-2
60;117263;2019-03-30T13:33:54;0;0;0;100;0;0;Sentinel-1 Sentinel-2
61;117263;2019-04-01T18:58:41;97;2;0;0;1;2;Sentinel-1 Sentinel-2
62;117263;2019-04-02T18:51:17;97;2;0;0;1;2;Sentinel-1 Sentinel-2
63;117263;2019-04-04T18:34:58;0;100;0;0;0;0;Sentinel-1 Sentinel-2
64;117263;2019-04-05T13:04:12;0;88;0;11;1;0;Sentinel-1 Sentinel-2
65;117263;2019-04-07T18:59:24;96;4;0;0;0;2;Sentinel-1 Sentinel-2
66;117263;2019-04-08T18:50:36;98;2;0;0;0;2;Sentinel-1 Sentinel-2
67;117263;2019-04-09T18:43:05;97;3;0;0;0;2;Sentinel-1 Sentinel-2
68;117263;2019-04-10T18:34:17;4;96;0;0;0;0;Sentinel-1 Sentinel-2
69;117263;2019-04-12T12:53:52;0;6;0;94;0;0;Sentinel-2
70;117263;2019-04-13T18:58:43;98;1;0;0;1;2;Sentinel-1 Sentinel-2
71;117263;2019-04-14T18:51:17;97;2;0;0;1;2;Sentinel-1 Sentinel-2
72;117263;2019-04-15T13:04:12;0;99;0;0;1;0;Sentinel-2
73;117263;2019-04-16T18:34:58;97;3;0;0;0;2;Sentinel-1
74;117263;2019-04-19T18:59:24;93;7;0;0;0;2;Sentinel-1 Sentinel-2
75;117263;2019-04-20T18:50:37;99;0;0;0;1;2;Sentinel-1 Sentinel-2
76;117263;2019-04-21T18:43:05;98;1;0;0;1;2;Sentinel-1
77;117263;2019-04-22T18:34:18;99;1;0;0;0;2;Sentinel-1 Sentinel-2
78;117263;2019-04-25T18:58:43;9;91;0;0;0;0;Sentinel-1 Sentinel-2
79;117263;2019-04-26T18:51:17;99;1;0;0;0;2;Sentinel-1 Sentinel-2
80;117263;2019-04-27T12:54:01;0;4;0;95;1;0;Sentinel-2
81;117263;2019-04-28T18:35:00;99;1;0;0;0;2;Sentinel-1 Sentinel-2
82;117263;2019-04-30T13:04:09;1;84;0;14;1;0;Sentinel-2
83;117263;2019-05-01T18:59:24;99;1;0;0;0;2;Sentinel-1 Sentinel-2
84;117263;2019-05-02T07:33:09;99;0;0;0;1;2;Sentinel-1
85;117263;2019-05-03T18:43:05;99;0;0;0;1;2;Sentinel-1 Sentinel-2
86;117263;2019-05-04T18:34:18;99;1;0;0;0;2;Sentinel-1 Sentinel-2
87;117263;2019-05-05T13:04:15;1;64;2;33;0;0;Sentinel-1 Sentinel-2
88;117263;2019-05-07T18:58:44;88;12;0;0;0;2;Sentinel-1 Sentinel-2
89;117263;2019-05-08T18:51:17;91;9;0;0;0;2;Sentinel-1 Sentinel-2
90;117263;2019-05-10T18:35:00;89;11;0;0;0;2;Sentinel-1 Sentinel-2
91;117263;2019-05-12T13:43:28;0;0;0;99;1;0;Sentinel-2
92;117263;2019-05-13T07:42:12;71;29;0;0;0;2;Sentinel-1
93;117263;2019-05-14T18:50:38;71;29;0;0;0;1;Sentinel-1 Sentinel-2
94;117263;2019-05-15T18:43:07;99;0;0;0;1;2;Sentinel-1 Sentinel-2
95;117263;2019-05-16T18:34:18;99;1;0;0;0;2;Sentinel-1 Sentinel-2
96;117263;2019-05-17T12:53:58;2;60;0;37;1;0;Sentinel-1 Sentinel-2
97;117263;2019-05-19T07:41:20;99;1;0;0;0;2;Sentinel-1
98;117263;2019-05-20T07:34:03;99;1;0;0;0;2;Sentinel-1
99;117263;2019-05-22T18:35:01;98;1;0;0;1;2;Sentinel-1 Sentinel-2
100;117263;2019-05-25T18:59:26;5;94;1;0;0;0;Sentinel-1 Sentinel-2
101;117263;2019-05-26T18:50:39;99;1;0;0;0;2;Sentinel-1 Sentinel-2
102;117263;2019-05-27T18:43:07;90;9;1;0;0;2;Sentinel-1 Sentinel-2
103;117263;2019-05-28T18:34:20;73;26;0;0;1;2;Sentinel-1 Sentinel-2
104;117263;2019-05-30T13:04:19;4;87;1;8;0;0;Sentinel-2
105;117263;2019-05-31T18:58:44;86;14;0;0;0;2;Sentinel-1 Sentinel-2
106;117263;2019-06-01T18:51:19;77;22;0;0;1;2;Sentinel-1 Sentinel-2
107;117263;2019-06-03T18:35:01;70;30;0;0;0;2;Sentinel-1 Sentinel-2
108;117263;2019-06-06T18:59:27;77;20;3;0;0;2;Sentinel-1 Sentinel-2
109;117263;2019-06-07T18:50:39;84;16;0;0;0;2;Sentinel-1 Sentinel-2
110;117263;2019-06-08T18:43:08;35;65;1;0;-1;1;Sentinel-1 Sentinel-2
111;117263;2019-06-09T18:34:20;99;1;0;0;0;2;Sentinel-1 Sentinel-2
112;117263;2019-06-11T13:43:27;11;88;0;0;1;0;Sentinel-2
113;117263;2019-06-12T07:41:21;92;8;0;0;0;2;Sentinel-1
114;117263;2019-06-13T18:51:20;99;1;0;0;0;2;Sentinel-1 Sentinel-2
115;117263;2019-06-15T18:35:01;95;4;0;0;1;2;Sentinel-1 Sentinel-2
116;117263;2019-06-16T12:54:01;44;16;1;38;1;0;Sentinel-1 Sentinel-2
117;117263;2019-06-18T18:59:27;99;1;0;0;0;2;Sentinel-1 Sentinel-2
118;117263;2019-06-19T18:50:40;99;1;0;0;0;2;Sentinel-1 Sentinel-2
119;117263;2019-06-20T18:43:08;99;1;0;0;0;2;Sentinel-1 Sentinel-2
120;117263;2019-06-21T18:34:21;99;1;0;0;0;2;Sentinel-1 Sentinel-2
121;117263;2019-06-23T12:44:20;97;2;1;0;0;0;Sentinel-2
122;117263;2019-06-24T18:58:46;98;1;0;0;1;2;Sentinel-1 Sentinel-2
123;117263;2019-06-25T18:51:20;99;1;0;0;0;2;Sentinel-1 Sentinel-2
124;117263;2019-06-26T12:53:52;20;0;4;75;1;0;Sentinel-2
125;117263;2019-06-27T18:35:03;97;3;0;0;0;2;Sentinel-1 Sentinel-2
126;117263;2019-06-28T12:44:15;78;0;1;21;0;0;Sentinel-1 Sentinel-2
127;117263;2019-06-30T18:59:28;98;2;0;0;0;2;Sentinel-1 Sentinel-2
128;117263;2019-07-01T18:50:41;88;0;11;0;1;1;Sentinel-1 Sentinel-2
129;117263;2019-07-02T18:43:08;99;1;0;0;0;2;Sentinel-1 Sentinel-2
130;117263;2019-07-03T18:34:21;79;1;20;0;0;1;Sentinel-1 Sentinel-2
131;117263;2019-07-04T13:04:16;58;0;1;40;1;0;Sentinel-1 Sentinel-2
132;117263;2019-07-06T18:58:46;96;0;4;0;0;1;Sentinel-1 Sentinel-2
133;117263;2019-07-07T18:51:20;99;1;0;0;0;2;Sentinel-1 Sentinel-2
134;117263;2019-07-09T18:35:04;99;0;0;0;1;0;Sentinel-1 Sentinel-2
135;117263;2019-07-12T07:42:15;98;1;0;0;1;2;Sentinel-1
136;117263;2019-07-13T18:50:41;99;1;0;0;0;2;Sentinel-1 Sentinel-2
137;117263;2019-07-14T18:43:10;99;1;0;0;0;2;Sentinel-1 Sentinel-2
138;117263;2019-07-15T18:34:21;99;1;0;0;0;2;Sentinel-1
139;117263;2019-07-18T18:58:48;98;1;0;0;1;2;Sentinel-1 Sentinel-2
140;117263;2019-07-19T07:34:07;98;1;0;0;1;2;Sentinel-1
141;117263;2019-07-21T18:35:05;98;2;0;0;0;2;Sentinel-1 Sentinel-2
142;117263;2019-07-24T18:59:29;98;2;0;0;0;2;Sentinel-1 Sentinel-2
143;117263;2019-07-25T18:50:42;99;1;0;0;0;2;Sentinel-1 Sentinel-2
144;117263;2019-07-26T18:43:11;99;1;0;0;0;2;Sentinel-1 Sentinel-2
145;117263;2019-07-27T18:34:23;97;2;0;0;1;2;Sentinel-1
146;117263;2019-07-29T13:04:14;0;0;0;100;0;0;Sentinel-2
147;117263;2019-07-30T18:58:48;98;1;0;0;1;2;Sentinel-1 Sentinel-2
148;117263;2019-07-31T18:51:23;98;1;1;0;0;0;Sentinel-1 Sentinel-2
149;117263;2019-08-02T18:35:05;100;0;0;0;0;0;Sentinel-1 Sentinel-2
150;117263;2019-08-03T13:03:50;0;0;0;99;1;0;Sentinel-1 Sentinel-2
151;117263;2019-08-05T18:59:31;99;0;0;0;1;0;Sentinel-1 Sentinel-2
152;117263;2019-08-06T18:50:42;99;1;0;0;0;2;Sentinel-1 Sentinel-2
153;117263;2019-08-07T18:43:11;99;1;0;0;0;2;Sentinel-1 Sentinel-2
154;117263;2019-08-08T18:34:23;99;1;0;0;0;2;Sentinel-1 Sentinel-2
155;117263;2019-08-11T18:58:49;98;1;0;0;1;2;Sentinel-1 Sentinel-2
156;117263;2019-08-12T18:51:23;99;1;0;0;0;2;Sentinel-1 Sentinel-2
157;117263;2019-08-14T18:35:06;99;1;0;0;0;2;Sentinel-1 Sentinel-2
158;117263;2019-08-17T18:59:31;93;7;0;0;0;2;Sentinel-1 Sentinel-2
159;117263;2019-08-18T18:50:44;99;1;0;0;0;2;Sentinel-1 Sentinel-2
160;117263;2019-08-19T18:43:13;99;1;0;0;0;2;Sentinel-1 Sentinel-2
161;117263;2019-08-20T18:34:25;99;0;0;0;1;0;Sentinel-1 Sentinel-2
162;117263;2019-08-23T18:58:49;99;1;0;0;0;2;Sentinel-1 Sentinel-2
163;117263;2019-08-24T18:51:23;99;1;0;0;0;2;Sentinel-1 Sentinel-2
164;117263;2019-08-26T18:35:07;96;4;0;0;0;2;Sentinel-1
165;117263;2019-08-28T13:04:09;0;0;0;99;1;0;Sentinel-2
166;117263;2019-08-29T18:59:32;98;1;0;0;1;2;Sentinel-1 Sentinel-2
167;117263;2019-08-30T18:50:44;99;1;0;0;0;2;Sentinel-1 Sentinel-2
168;117263;2019-08-31T18:43:13;99;1;0;0;0;2;Sentinel-1 Sentinel-2
169;117263;2019-09-01T18:34:25;99;1;0;0;0;2;Sentinel-1 Sentinel-2
170;117263;2019-09-04T18:58:49;99;1;0;0;0;2;Sentinel-1 Sentinel-2
171;117263;2019-09-05T18:51:25;99;1;0;0;0;2;Sentinel-1 Sentinel-2
172;117263;2019-09-06T12:44:11;0;0;0;99;1;0;Sentinel-2
173;117263;2019-09-07T18:35:07;97;3;0;0;0;2;Sentinel-1
174;117263;2019-09-10T18:59:32;97;2;0;0;1;2;Sentinel-1 Sentinel-2
175;117263;2019-09-11T18:50:45;99;1;0;0;0;2;Sentinel-1 Sentinel-2
176;117263;2019-09-12T18:43:13;98;1;0;0;1;2;Sentinel-1 Sentinel-2
177;117263;2019-09-13T18:34:26;98;2;0;0;0;2;Sentinel-1 Sentinel-2
178;117263;2019-09-16T18:58:51;98;1;0;0;1;2;Sentinel-1 Sentinel-2
179;117263;2019-09-17T18:51:25;88;1;11;0;0;2;Sentinel-1 Sentinel-2
180;117263;2019-09-19T18:35:08;96;4;0;0;0;2;Sentinel-1
181;117263;2019-09-22T07:42:20;94;5;0;0;1;2;Sentinel-1
182;117263;2019-09-23T13:23:44;99;1;0;0;0;2;Sentinel-1 Sentinel-2
183;117263;2019-09-24T18:43:13;98;2;0;0;0;2;Sentinel-1 Sentinel-2
184;117263;2019-09-25T18:34:26;98;1;0;0;1;2;Sentinel-1 Sentinel-2
185;117263;2019-09-28T18:58:51;98;1;0;0;1;2;Sentinel-1 Sentinel-2
186;117263;2019-09-29T18:51:25;100;0;0;0;0;0;Sentinel-1 Sentinel-2
187;117263;2019-10-01T18:35:08;99;0;0;0;1;0;Sentinel-1 Sentinel-2
188;117263;2019-10-02T13:03:53;13;0;0;86;1;0;Sentinel-1 Sentinel-2
189;117263;2019-10-04T18:59:47;64;35;0;0;1;2;Sentinel-1 Sentinel-2
190;117263;2019-10-05T07:33:17;95;5;0;0;0;2;Sentinel-1
191;117263;2019-10-06T18:43:13;99;1;0;0;0;2;Sentinel-1 Sentinel-2
192;117263;2019-10-07T18:34:26;98;2;0;0;0;2;Sentinel-1 Sentinel-2
193;117263;2019-10-10T18:58:51;99;1;0;0;0;2;Sentinel-1 Sentinel-2
194;117263;2019-10-11T18:51:25;97;2;0;0;1;2;Sentinel-1 Sentinel-2
195;117263;2019-10-12T13:04:00;95;1;0;3;1;0;Sentinel-2
196;117263;2019-10-13T18:35:08;98;1;0;0;1;2;Sentinel-1 Sentinel-2
197;117263;2019-10-14T12:53:41;0;0;0;99;1;0;Sentinel-1 Sentinel-2
198;117263;2019-10-16T07:42:20;94;5;0;0;1;2;Sentinel-1
199;117263;2019-10-17T18:50:45;98;1;1;0;0;2;Sentinel-1 Sentinel-2
200;117263;2019-10-18T18:43:13;99;1;0;0;0;2;Sentinel-1 Sentinel-2
201;117263;2019-10-19T18:34:26;95;2;3;0;0;1;Sentinel-1 Sentinel-2
202;117263;2019-10-22T18:58:52;99;1;0;0;0;2;Sentinel-1 Sentinel-2
203;117263;2019-10-23T18:51:25;99;1;0;0;0;2;Sentinel-1 Sentinel-2
204;117263;2019-10-25T18:35:08;98;2;0;0;0;2;Sentinel-1 Sentinel-2
205;117263;2019-10-26T13:33:52;6;1;19;74;0;0;Sentinel-1 Sentinel-2
206;117263;2019-10-27T13:04:08;94;1;0;4;1;0;Sentinel-2
207;117263;2019-10-28T18:59:32;98;1;0;0;1;2;Sentinel-1 Sentinel-2
208;117263;2019-10-29T07:33:17;98;2;0;0;0;2;Sentinel-1
209;117263;2019-10-30T18:43:13;98;1;0;0;1;2;Sentinel-1 Sentinel-2
210;117263;2019-10-31T18:34:26;99;1;0;0;0;2;Sentinel-1 Sentinel-2
211;117263;2019-11-03T07:41:28;99;1;0;0;0;2;Sentinel-1
212;117263;2019-11-04T18:51:25;98;1;0;0;1;2;Sentinel-1 Sentinel-2
213;117263;2019-11-05T12:44:07;0;1;7;92;0;0;Sentinel-2
214;117263;2019-11-06T18:35:08;98;2;0;0;0;2;Sentinel-1 Sentinel-2
215;117263;2019-11-09T07:42:20;86;13;0;0;1;2;Sentinel-1
216;117263;2019-11-10T07:33:17;97;3;0;0;0;2;Sentinel-1
217;117263;2019-11-12T18:34:26;98;1;0;0;1;2;Sentinel-1 Sentinel-2
218;117263;2019-11-15T07:41:28;98;2;0;0;0;2;Sentinel-1
219;117263;2019-11-16T18:51:25;98;1;0;0;1;2;Sentinel-1 Sentinel-2
220;117263;2019-11-18T18:35:08;75;25;0;0;0;2;Sentinel-1
221;117263;2019-11-21T07:42:20;96;3;0;0;1;2;Sentinel-1
222;117263;2019-11-22T07:33:17;99;1;0;0;0;2;Sentinel-1
223;117263;2019-11-23T18:43:13;98;1;0;0;1;2;Sentinel-1
224;117263;2019-11-24T18:34:26;99;1;0;0;0;2;Sentinel-1
225;117263;2019-11-27T07:41:27;99;1;0;0;0;2;Sentinel-1
226;117263;2019-11-28T07:34:10;98;1;0;0;1;2;Sentinel-1
227;117263;2019-11-30T18:35:08;98;2;0;0;0;2;Sentinel-1
228;117263;2019-12-03T07:42:20;90;10;0;0;0;2;Sentinel-1
229;117263;2019-12-04T07:33:17;97;3;0;0;0;2;Sentinel-1
230;117263;2019-12-05T18:43:13;97;2;0;0;1;2;Sentinel-1
231;117263;2019-12-06T18:34:26;97;2;0;0;1;2;Sentinel-1
232;117263;2019-12-09T07:41:27;98;2;0;0;0;2;Sentinel-1
233;117263;2019-12-10T07:34:10;99;1;0;0;0;2;Sentinel-1
234;117263;2019-12-12T18:35:07;97;2;0;0;1;2;Sentinel-1
235;117263;2019-12-15T07:42:19;98;2;0;0;0;2;Sentinel-1
236;117263;2019-12-16T07:33:17;98;1;0;0;1;2;Sentinel-1
237;117263;2019-12-17T18:43:13;98;2;0;0;0;2;Sentinel-1
238;117263;2019-12-18T18:34:25;98;2;0;0;0;2;Sentinel-1
239;117263;2019-12-21T07:41:26;74;26;0;0;0;2;Sentinel-1
240;117263;2019-12-22T07:34:08;97;3;0;0;0;2;Sentinel-1
241;117263;2019-12-24T18:35:07;94;5;0;0;1;2;Sentinel-1
242;117263;2019-12-27T07:42:19;87;13;0;0;0;2;Sentinel-1
243;117263;2019-12-28T07:33:16;98;1;0;0;1;2;Sentinel-1
244;117263;2019-12-29T18:43:13;95;5;0;0;0;2;Sentinel-1
245;117263;2019-12-30T18:34:25;96;4;0;0;0;2;Sentinel-1
246;117263;2020-01-02T07:41:26;94;6;0;0;0;2;Sentinel-1
247;117263;2020-01-03T07:34:08;95;5;0;0;0;2;Sentinel-1
248;117263;2020-01-05T18:35:06;87;13;0;0;0;2;Sentinel-1
249;117263;2020-01-08T07:42:18;77;22;0;0;1;2;Sentinel-1
250;117263;2020-01-09T07:33:16;97;2;0;0;1;2;Sentinel-1
251;117263;2020-01-10T18:43:11;95;5;0;0;0;2;Sentinel-1
252;117263;2020-01-11T18:34:23;95;5;0;0;0;2;Sentinel-1
253;117263;2020-01-14T07:41:24;92;8;0;0;0;2;Sentinel-1
254;117263;2020-01-17T18:35:06;94;6;0;0;0;2;Sentinel-1
255;117263;2020-01-20T07:42:18;92;7;0;0;1;2;Sentinel-1
256;117263;2020-01-21T07:33:14;98;2;0;0;0;2;Sentinel-1
257;117263;2020-01-22T18:43:11;94;6;0;0;0;2;Sentinel-1
258;117263;2020-01-23T18:34:23;96;4;0;0;0;2;Sentinel-1
259;117263;2020-01-26T07:41:24;96;3;0;0;1;2;Sentinel-1
260;117263;2020-01-27T18:51:23;97;3;0;0;0;2;Sentinel-1 Sentinel-2
261;117263;2020-01-29T18:35:05;94;6;0;0;0;2;Sentinel-1 Sentinel-2
262;117263;2020-02-01T18:59:29;92;7;0;0;1;2;Sentinel-1 Sentinel-2
263;117263;2020-02-02T07:33:14;98;1;0;0;1;2;Sentinel-1
264;117263;2020-02-03T18:43:11;97;2;0;0;1;2;Sentinel-1
265;117263;2020-02-04T18:34:23;98;2;0;0;0;2;Sentinel-1
266;117263;2020-02-06T13:43:14;0;48;0;52;0;1;Sentinel-2
267;117263;2020-02-07T18:58:48;97;2;0;0;1;2;Sentinel-1 Sentinel-2
268;117263;2020-02-08T18:51:23;95;5;0;0;0;2;Sentinel-1 Sentinel-2
269;117263;2020-02-09T13:03:45;0;86;2;12;0;1;Sentinel-2
270;117263;2020-02-10T18:35:05;92;8;0;0;0;2;Sentinel-1 Sentinel-2
271;117263;2020-02-13T18:59:29;24;76;0;0;0;2;Sentinel-1 Sentinel-2
272;117263;2020-02-14T18:50:42;98;2;0;0;0;2;Sentinel-1 Sentinel-2
273;117263;2020-02-15T18:43:11;97;2;0;0;1;2;Sentinel-1 Sentinel-2
274;117263;2020-02-16T18:34:23;43;56;1;0;0;1;Sentinel-1 Sentinel-2
275;117263;2020-02-18T12:43:48;0;0;0;100;0;0;Sentinel-2
276;117263;2020-02-19T18:58:48;98;2;0;0;0;2;Sentinel-1 Sentinel-2
277;117263;2020-02-20T18:51:23;97;2;0;0;1;2;Sentinel-1 Sentinel-2
278;117263;2020-02-22T18:35:05;94;6;0;0;0;2;Sentinel-1 Sentinel-2
279;117263;2020-02-23T13:33:24;0;0;0;99;1;0;Sentinel-1 Sentinel-2
280;117263;2020-02-25T18:59:29;97;3;0;0;0;2;Sentinel-1 Sentinel-2
281;117263;2020-02-26T18:50:42;98;1;0;0;1;2;Sentinel-1 Sentinel-2
282;117263;2020-02-27T18:43:11;98;2;0;0;0;2;Sentinel-1 Sentinel-2
283;117263;2020-02-28T18:34:23;97;2;0;0;1;2;Sentinel-1 Sentinel-2
284;117263;2020-03-02T18:58:48;98;2;0;0;0;2;Sentinel-1 Sentinel-2
285;117263;2020-03-03T18:51:23;98;2;0;0;0;2;Sentinel-1 Sentinel-2
286;117263;2020-03-04T13:33:49;0;0;0;100;0;0;Sentinel-2
287;117263;2020-03-05T18:35:05;16;84;0;0;0;0;Sentinel-1 Sentinel-2
288;117263;2020-03-07T12:53:53;0;0;0;100;0;0;Sentinel-2
289;117263;2020-03-08T18:59:29;97;2;0;0;1;2;Sentinel-1 Sentinel-2
290;117263;2020-03-09T18:50:42;94;5;0;0;1;2;Sentinel-1 Sentinel-2
291;117263;2020-03-10T18:43:11;98;2;0;0;0;2;Sentinel-1
292;117263;2020-03-11T18:34:23;97;2;0;0;1;2;Sentinel-1 Sentinel-2
293;117263;2020-03-14T18:58:48;98;2;0;0;0;2;Sentinel-1 Sentinel-2
294;117263;2020-03-15T07:34:07;98;2;0;0;0;2;Sentinel-1
295;117263;2020-03-17T18:35:05;84;15;0;0;1;2;Sentinel-1 Sentinel-2
296;117263;2020-03-19T12:44:04;0;0;0;99;1;0;Sentinel-2
297;117263;2020-03-20T07:42:17;93;7;0;0;0;2;Sentinel-1
298;117263;2020-03-21T18:50:42;98;1;0;0;1;2;Sentinel-1 Sentinel-2
299;117263;2020-03-22T18:43:11;97;2;0;0;1;2;Sentinel-1
300;117263;2020-03-23T18:34:23;97;2;0;0;1;2;Sentinel-1 Sentinel-2
301;117263;2020-03-24T13:33:39;1;99;0;0;0;0;Sentinel-1 Sentinel-2
302;117263;2020-03-26T18:58:48;98;2;0;0;0;2;Sentinel-1 Sentinel-2
303;117263;2020-03-27T18:51:23;98;2;0;0;0;2;Sentinel-1 Sentinel-2
304;117263;2020-03-29T18:35:05;97;3;0;0;0;2;Sentinel-1 Sentinel-2
305;117263;2020-04-01T18:59:29;96;3;0;0;1;2;Sentinel-1 Sentinel-2
306;117263;2020-04-02T18:50:42;98;2;0;0;0;2;Sentinel-1 Sentinel-2
307;117263;2020-04-03T18:43:11;98;2;0;0;0;2;Sentinel-1 Sentinel-2
308;117263;2020-04-04T18:34:23;97;2;0;0;1;2;Sentinel-1
309;117263;2020-04-07T18:58:49;98;2;0;0;0;2;Sentinel-1 Sentinel-2
310;117263;2020-04-08T18:51:23;58;42;0;0;0;1;Sentinel-1 Sentinel-2
311;117263;2020-04-09T13:04:09;0;93;0;7;0;0;Sentinel-2
312;117263;2020-04-10T18:35:05;97;3;0;0;0;2;Sentinel-1
313;117263;2020-04-13T18:59:31;88;12;0;0;0;2;Sentinel-1 Sentinel-2
314;117263;2020-04-14T18:50:42;98;1;0;0;1;2;Sentinel-1 Sentinel-2
315;117263;2020-04-15T18:43:11;98;2;0;0;0;2;Sentinel-1 Sentinel-2
316;117263;2020-04-16T18:34:23;97;2;0;0;1;2;Sentinel-1 Sentinel-2
317;117263;2020-04-18T12:43:35;0;0;0;99;1;0;Sentinel-2
318;117263;2020-04-19T07:41:24;99;1;0;0;0;2;Sentinel-1
319;117263;2020-04-20T18:51:23;99;0;0;0;1;2;Sentinel-1 Sentinel-2
320;117263;2020-04-21T12:53:59;1;99;0;0;0;0;Sentinel-2
321;117263;2020-04-22T18:35:06;99;1;0;0;0;2;Sentinel-1 Sentinel-2
322;117263;2020-04-23T13:33:16;0;0;0;100;0;0;Sentinel-1 Sentinel-2
323;117263;2020-04-24T13:03:33;0;7;0;93;0;0;Sentinel-2
324;117263;2020-04-25T18:59:31;96;3;0;0;1;2;Sentinel-1 Sentinel-2
325;117263;2020-04-26T18:50:42;47;53;0;0;0;1;Sentinel-1 Sentinel-2
326;117263;2020-04-27T18:43:11;99;1;0;0;0;2;Sentinel-1 Sentinel-2
327;117263;2020-04-28T18:34:23;98;2;0;0;0;2;Sentinel-1 Sentinel-2
328;117263;2020-04-29T13:04:14;0;0;0;100;0;0;Sentinel-1 Sentinel-2
329;117263;2020-05-01T18:58:49;94;6;0;0;0;2;Sentinel-1 Sentinel-2
330;117263;2020-05-02T18:51:23;98;2;0;0;0;2;Sentinel-1 Sentinel-2
331;117263;2020-05-03T12:44:10;0;0;0;100;0;0;Sentinel-2
332;117263;2020-05-04T18:35:06;91;9;0;0;0;2;Sentinel-1
333;117263;2020-05-06T12:54:17;0;0;0;99;1;0;Sentinel-2
334;117263;2020-05-07T18:59:32;95;5;0;0;0;2;Sentinel-1 Sentinel-2
335;117263;2020-05-08T18:50:44;99;1;0;0;0;2;Sentinel-1 Sentinel-2
336;117263;2020-05-09T18:43:13;99;1;0;0;0;2;Sentinel-1 Sentinel-2
337;117263;2020-05-10T18:34:25;98;2;0;0;0;2;Sentinel-1 Sentinel-2
338;117263;2020-05-13T18:58:49;91;9;0;0;0;2;Sentinel-1 Sentinel-2
339;117263;2020-05-14T18:51:25;98;2;0;0;0;2;Sentinel-1 Sentinel-2
340;117263;2020-05-16T18:35:07;88;11;0;0;1;2;Sentinel-1 Sentinel-2
341;117263;2020-05-18T13:33:55;0;0;0;100;0;0;Sentinel-2
342;117263;2020-05-19T18:59:32;1;98;0;0;1;0;Sentinel-1 Sentinel-2
343;117263;2020-05-20T18:50:45;98;2;0;0;0;2;Sentinel-1 Sentinel-2
344;117263;2020-05-21T18:43:13;2;98;0;0;0;0;Sentinel-1 Sentinel-2
345;117263;2020-05-22T18:34:26;99;0;0;0;1;2;Sentinel-1 Sentinel-2
346;117263;2020-05-23T13:33:52;0;0;0;99;1;0;Sentinel-1 Sentinel-2
347;117263;2020-05-25T18:58:51;98;1;0;0;1;2;Sentinel-1 Sentinel-2
348;117263;2020-05-26T18:51:25;99;0;0;0;1;2;Sentinel-1 Sentinel-2
349;117263;2020-05-28T18:35:08;99;1;0;0;0;2;Sentinel-1 Sentinel-2
350;117263;2020-05-31T18:59:32;99;1;0;0;0;2;Sentinel-1 Sentinel-2
351;117263;2020-06-01T18:50:45;99;0;0;0;1;2;Sentinel-1 Sentinel-2
352;117263;2020-06-02T18:43:13;99;0;0;0;1;2;Sentinel-1 Sentinel-2
353;117263;2020-06-03T18:34:26;19;72;9;0;0;0;Sentinel-1 Sentinel-2
354;117263;2020-06-05T13:43:22;0;2;0;97;1;0;Sentinel-2
355;117263;2020-06-06T18:58:52;98;1;0;0;1;2;Sentinel-1 Sentinel-2
356;117263;2020-06-07T18:51:25;99;1;0;0;0;2;Sentinel-1 Sentinel-2
357;117263;2020-06-09T18:35:09;99;1;0;0;0;2;Sentinel-1 Sentinel-2
358;117263;2020-06-10T12:54:15;0;0;0;99;1;0;Sentinel-1 Sentinel-2
359;117263;2020-06-12T18:59:34;98;2;0;0;0;2;Sentinel-1 Sentinel-2
360;117263;2020-06-13T18:50:45;26;71;2;0;1;0;Sentinel-1 Sentinel-2
361;117263;2020-06-14T18:43:15;99;0;0;0;1;2;Sentinel-1 Sentinel-2
362;117263;2020-06-15T18:34:26;97;2;0;0;1;2;Sentinel-1 Sentinel-2
363;117263;2020-06-17T13:33:36;18;82;0;0;0;0;Sentinel-2
364;117263;2020-06-18T18:58:52;19;80;0;0;1;0;Sentinel-1 Sentinel-2
365;117263;2020-06-19T18:51:27;99;1;0;0;0;2;Sentinel-1 Sentinel-2
366;117263;2020-06-20T12:54:06;0;0;0;99;1;0;Sentinel-2
367;117263;2020-06-21T18:35:09;93;7;0;0;0;2;Sentinel-1 Sentinel-2
368;117263;2020-06-24T18:59:35;88;12;0;0;0;2;Sentinel-1 Sentinel-2
369;117263;2020-06-25T18:50:47;96;3;1;0;0;2;Sentinel-1 Sentinel-2
370;117263;2020-06-26T18:43:16;99;1;0;0;0;2;Sentinel-1
371;117263;2020-06-27T18:34:28;99;1;0;0;0;2;Sentinel-1 Sentinel-2
372;117263;2020-06-28T13:04:11;4;0;2;94;0;0;Sentinel-1 Sentinel-2
373;117263;2020-06-30T18:58:53;95;5;0;0;0;0;Sentinel-1 Sentinel-2
374;117263;2020-07-01T18:51:28;99;1;0;0;0;2;Sentinel-1 Sentinel-2
375;117263;2020-07-02T13:33:54;78;3;0;19;0;0;Sentinel-2
376;117263;2020-07-03T18:35:09;97;2;0;0;1;1;Sentinel-1 Sentinel-2
377;117263;2020-07-05T13:43:22;0;0;0;99;1;0;Sentinel-2
378;117263;2020-07-06T18:59:35;98;1;0;0;1;2;Sentinel-1 Sentinel-2
379;117263;2020-07-07T18:50:47;99;1;0;0;0;2;Sentinel-1 Sentinel-2
380;117263;2020-07-08T18:43:16;98;1;0;0;1;2;Sentinel-1 Sentinel-2
381;117263;2020-07-09T18:34:29;99;1;0;0;0;2;Sentinel-1 Sentinel-2
382;117263;2020-07-12T18:58:54;99;1;0;0;0;2;Sentinel-1 Sentinel-2
383;117263;2020-07-13T18:51:28;99;1;0;0;0;2;Sentinel-1 Sentinel-2
384;117263;2020-07-15T18:35:11;98;2;0;0;0;2;Sentinel-1
385;117263;2020-07-18T18:59:35;97;3;0;0;0;2;Sentinel-1 Sentinel-2
386;117263;2020-07-19T18:50:48;99;1;0;0;0;2;Sentinel-1 Sentinel-2
387;117263;2020-07-20T18:43:17;99;1;0;0;0;2;Sentinel-1 Sentinel-2
388;117263;2020-07-21T18:34:29;99;1;0;0;0;2;Sentinel-1 Sentinel-2
389;117263;2020-07-24T18:58:54;98;1;0;0;1;2;Sentinel-1 Sentinel-2
390;117263;2020-07-25T18:51:28;99;1;0;0;0;2;Sentinel-1 Sentinel-2
391;117263;2020-07-27T18:35:12;97;2;1;0;0;2;Sentinel-1 Sentinel-2
392;117263;2020-07-28T13:04:17;0;0;0;99;1;0;Sentinel-1 Sentinel-2
393;117263;2020-07-30T18:59:37;98;1;0;0;1;2;Sentinel-1 Sentinel-2
394;117263;2020-07-31T07:33:20;99;1;0;0;0;2;Sentinel-1
395;117263;2020-08-01T18:43:18;98;1;0;0;1;2;Sentinel-1 Sentinel-2
396;117263;2020-08-02T18:34:29;98;1;0;0;1;2;Sentinel-1
397;117263;2020-08-05T07:41:31;97;2;0;0;1;2;Sentinel-1
398;117263;2020-08-06T18:51:30;99;1;0;0;0;2;Sentinel-1 Sentinel-2
399;117263;2020-08-07T13:03:52;71;0;0;29;0;0;Sentinel-2
400;117263;2020-08-08T18:35:12;98;2;0;0;0;2;Sentinel-1 Sentinel-2
401;117263;2020-08-11T18:59:37;98;2;0;0;0;2;Sentinel-1 Sentinel-2
402;117263;2020-08-12T18:50:50;99;1;0;0;0;2;Sentinel-1 Sentinel-2
403;117263;2020-08-13T18:43:19;97;3;0;0;0;2;Sentinel-1
404;117263;2020-08-14T18:34:31;99;0;0;0;1;0;Sentinel-1 Sentinel-2
405;117263;2020-08-16T13:33:47;55;0;0;44;1;0;Sentinel-2
406;117263;2020-08-17T18:58:56;99;1;0;0;0;1;Sentinel-1 Sentinel-2
407;117263;2020-08-18T18:51:31;99;1;0;0;0;2;Sentinel-1 Sentinel-2
408;117263;2020-08-19T13:43:26;68;0;0;31;1;0;Sentinel-2
409;117263;2020-08-20T18:35:12;97;2;0;0;1;2;Sentinel-1 Sentinel-2
410;117263;2020-08-21T13:33:56;100;0;0;0;0;0;Sentinel-1 Sentinel-2
411;117263;2020-08-22T13:04:14;98;0;0;2;0;0;Sentinel-2
412;117263;2020-08-23T18:59:38;98;1;0;0;1;2;Sentinel-1 Sentinel-2
413;117263;2020-08-24T18:50:50;99;0;0;0;1;0;Sentinel-1 Sentinel-2
414;117263;2020-08-25T18:43:19;99;1;0;0;0;2;Sentinel-1 Sentinel-2
415;117263;2020-08-26T18:34:32;99;1;0;0;0;2;Sentinel-1 Sentinel-2
416;117263;2020-08-27T13:04:11;98;0;0;2;0;0;Sentinel-1 Sentinel-2
417;117263;2020-08-29T18:58:57;99;1;0;0;0;2;Sentinel-1 Sentinel-2
418;117263;2020-08-30T07:34:16;99;1;0;0;0;2;Sentinel-1
419;117263;2020-09-01T18:35:14;97;2;0;0;1;2;Sentinel-1 Sentinel-2
420;117263;2020-09-04T18:59:39;95;5;0;0;0;2;Sentinel-1 Sentinel-2
421;117263;2020-09-05T18:50:50;98;1;0;0;1;0;Sentinel-1 Sentinel-2
422;117263;2020-09-06T18:43:20;98;1;0;0;1;2;Sentinel-1
423;117263;2020-09-07T18:34:32;98;2;0;0;0;2;Sentinel-1 Sentinel-2
424;117263;2020-09-10T18:58:57;98;1;0;0;1;2;Sentinel-1 Sentinel-2
425;117263;2020-09-11T18:51:32;99;1;0;0;0;2;Sentinel-1 Sentinel-2
426;117263;2020-09-13T18:35:14;98;1;0;0;1;2;Sentinel-1 Sentinel-2
427;117263;2020-09-15T12:44:14;84;0;0;15;1;0;Sentinel-2
428;117263;2020-09-16T07:42:26;98;1;0;0;1;2;Sentinel-1
429;117263;2020-09-17T18:50:50;98;1;0;0;1;2;Sentinel-1 Sentinel-2
430;117263;2020-09-18T18:43:20;99;1;0;0;0;2;Sentinel-1 Sentinel-2
431;117263;2020-09-19T18:34:32;93;7;0;0;0;2;Sentinel-1 Sentinel-2
432;117263;2020-09-20T12:43:51;0;0;0;99;1;0;Sentinel-1 Sentinel-2
433;117263;2020-09-21T13:04:12;0;0;0;99;1;0;Sentinel-2
434;117263;2020-09-22T18:58:57;98;1;0;0;1;2;Sentinel-1 Sentinel-2
435;117263;2020-09-23T18:51:32;94;0;5;0;1;2;Sentinel-1 Sentinel-2
436;117263;2020-09-25T18:35:14;98;1;0;0;1;0;Sentinel-1 Sentinel-2
437;117263;2020-09-28T18:59:39;98;2;0;0;0;2;Sentinel-1 Sentinel-2
438;117263;2020-09-29T18:50:52;99;1;0;0;0;2;Sentinel-1 Sentinel-2
439;117263;2020-09-30T18:43:21;99;1;0;0;0;2;Sentinel-1 Sentinel-2
440;117263;2020-10-01T18:34:32;98;1;0;0;1;0;Sentinel-1 Sentinel-2
441;117263;2020-10-04T18:58:57;98;1;0;0;1;2;Sentinel-1 Sentinel-2
442;117263;2020-10-05T18:51:32;99;1;0;0;0;2;Sentinel-1 Sentinel-2
443;117263;2020-10-07T18:35:15;99;1;0;0;0;2;Sentinel-1 Sentinel-2
444;117263;2020-10-08T12:54:17;87;1;7;4;1;0;Sentinel-1 Sentinel-2
445;117263;2020-10-10T18:59:40;99;1;0;0;0;0;Sentinel-1 Sentinel-2
446;117263;2020-10-11T18:50:52;99;1;0;0;0;2;Sentinel-1 Sentinel-2
447;117263;2020-10-12T18:43:21;98;1;0;0;1;2;Sentinel-1 Sentinel-2
448;117263;2020-10-13T18:34:32;99;1;0;0;0;0;Sentinel-1 Sentinel-2
449;117263;2020-10-15T13:33:47;99;0;0;0;1;0;Sentinel-2
450;117263;2020-10-16T18:58:57;97;0;3;0;0;1;Sentinel-1 Sentinel-2
451;117263;2020-10-17T18:51:33;99;1;0;0;0;2;Sentinel-1 Sentinel-2
452;117263;2020-10-19T18:35:15;99;1;0;0;0;2;Sentinel-1 Sentinel-2
453;117263;2020-10-20T13:33:25;89;1;0;9;1;0;Sentinel-1 Sentinel-2
454;117263;2020-10-21T13:04:09;87;1;6;5;1;0;Sentinel-2
455;117263;2020-10-22T07:42:26;96;3;0;0;1;2;Sentinel-1
456;117263;2020-10-23T18:50:52;98;1;0;0;1;2;Sentinel-1 Sentinel-2
457;117263;2020-10-24T18:43:21;96;4;0;0;0;2;Sentinel-1 Sentinel-2
458;117263;2020-10-25T18:34:32;98;1;0;0;1;2;Sentinel-1 Sentinel-2
459;117263;2020-10-26T13:04:16;0;1;25;74;0;0;Sentinel-1 Sentinel-2
460;117263;2020-10-28T18:58:57;73;11;16;0;0;2;Sentinel-1 Sentinel-2
461;117263;2020-10-29T18:51:33;98;1;0;0;1;2;Sentinel-1 Sentinel-2
462;117263;2020-10-31T18:35:15;98;2;0;0;0;2;Sentinel-1 Sentinel-2
463;117263;2020-11-02T12:54:09;0;0;0;100;0;0;Sentinel-2
464;117263;2020-11-03T18:59:40;78;22;0;0;0;2;Sentinel-1 Sentinel-2
465;117263;2020-11-04T18:50:52;99;1;0;0;0;2;Sentinel-1 Sentinel-2
466;117263;2020-11-05T18:43:21;86;13;0;0;1;2;Sentinel-1 Sentinel-2
467;117263;2020-11-06T18:34:32;96;4;0;0;0;2;Sentinel-1 Sentinel-2
468;117263;2020-11-09T18:58:57;97;2;0;0;1;2;Sentinel-1 Sentinel-2
469;117263;2020-11-10T18:51:32;99;1;0;0;0;2;Sentinel-1 Sentinel-2
470;117263;2020-11-12T18:35:14;97;3;0;0;0;2;Sentinel-1
471;117263;2020-11-15T07:42:26;98;1;0;0;1;2;Sentinel-1
472;117263;2020-11-16T07:33:24;99;1;0;0;0;2;Sentinel-1
473;117263;2020-11-17T18:43:20;99;1;0;0;0;2;Sentinel-1
474;117263;2020-11-18T18:34:32;98;1;0;0;1;2;Sentinel-1
475;117263;2020-11-21T07:41:34;98;2;0;0;0;2;Sentinel-1
476;117263;2020-11-22T07:34:16;99;1;0;0;0;2;Sentinel-1
477;117263;2020-11-24T18:35:14;98;2;0;0;0;2;Sentinel-1
478;117263;2020-11-27T07:42:26;52;47;0;0;1;2;Sentinel-1
479;117263;2020-11-28T07:33:23;96;4;0;0;0;2;Sentinel-1
480;117263;2020-11-29T18:43:20;98;1;0;0;1;2;Sentinel-1
481;117263;2020-11-30T18:34:32;98;2;0;0;0;2;Sentinel-1
482;117263;2020-12-03T07:41:32;98;2;0;0;0;2;Sentinel-1
483;117263;2020-12-04T07:34:16;98;2;0;0;0;2;Sentinel-1
484;117263;2020-12-06T18:35:14;97;3;0;0;0;2;Sentinel-1
485;117263;2020-12-09T07:42:26;96;3;0;0;1;2;Sentinel-1
486;117263;2020-12-10T07:33:23;98;2;0;0;0;2;Sentinel-1
487;117263;2020-12-11T18:43:20;95;5;0;0;0;2;Sentinel-1
488;117263;2020-12-12T18:34:32;63;37;0;0;0;2;Sentinel-1
489;117263;2020-12-15T07:41:32;92;8;0;0;0;2;Sentinel-1
490;117263;2020-12-16T07:34:16;96;3;0;0;1;2;Sentinel-1
491;117263;2020-12-18T18:35:12;97;3;0;0;0;2;Sentinel-1
492;117263;2020-12-21T07:42:25;95;4;0;0;1;2;Sentinel-1
493;117263;2020-12-22T07:33:22;99;1;0;0;0;2;Sentinel-1
494;117263;2020-12-23T18:43:19;98;2;0;0;0;2;Sentinel-1
495;117263;2020-12-24T18:34:31;91;9;0;0;0;2;Sentinel-1
496;117263;2020-12-27T07:41:32;82;18;0;0;0;2;Sentinel-1
497;117263;2020-12-28T07:34:14;88;12;0;0;0;2;Sentinel-1
498;117263;2020-12-30T18:35:12;88;11;0;0;1;2;Sentinel-1
499;117263;2021-01-02T07:42:25;88;12;0;0;0;2;Sentinel-1
500;117263;2021-01-03T07:33:22;99;1;0;0;0;2;Sentinel-1
501;117263;2021-01-04T18:43:18;90;10;0;0;0;2;Sentinel-1
502;117263;2021-01-05T18:34:29;88;12;0;0;0;2;Sentinel-1
503;117263;2021-01-08T07:41:31;89;11;0;0;0;2;Sentinel-1
504;117263;2021-01-09T07:34:14;89;11;0;0;0;2;Sentinel-1
505;117263;2021-01-11T18:35:12;88;11;0;0;1;2;Sentinel-1
506;117263;2021-01-14T07:42:23;87;13;0;0;0;2;Sentinel-1
507;117263;2021-01-15T07:33:21;92;8;0;0;0;2;Sentinel-1
508;117263;2021-01-16T18:43:18;92;8;0;0;0;2;Sentinel-1
509;117263;2021-01-17T18:34:30;91;9;0;0;0;2;Sentinel-1
510;117263;2021-01-20T07:41:31;93;7;0;0;0;2;Sentinel-1
511;117263;2021-01-21T07:34:14;95;5;0;0;0;2;Sentinel-1
512;117263;2021-01-23T18:35:11;90;10;0;0;0;2;Sentinel-1
513;117263;2021-01-26T18:59:36;91;8;0;0;1;2;Sentinel-1 Sentinel-2
514;117263;2021-01-27T18:50:48;97;3;0;0;0;2;Sentinel-1 Sentinel-2
515;117263;2021-01-28T18:43:18;96;3;0;0;1;2;Sentinel-1 Sentinel-2
516;117263;2021-01-29T18:34:29;95;4;0;0;1;2;Sentinel-1 Sentinel-2
517;117263;2021-02-01T18:58:54;96;4;0;0;0;2;Sentinel-1 Sentinel-2
518;117263;2021-02-02T18:51:29;93;7;0;0;0;2;Sentinel-1 Sentinel-2
519;117263;2021-02-04T18:35:11;94;5;0;0;1;2;Sentinel-1 Sentinel-2
520;117263;2021-02-05T12:53:39;0;0;0;99;1;0;Sentinel-1 Sentinel-2
521;117263;2021-02-07T18:59:36;92;7;0;0;1;2;Sentinel-1 Sentinel-2
522;117263;2021-02-08T18:50:48;98;2;0;0;0;2;Sentinel-1 Sentinel-2
523;117263;2021-02-09T18:43:17;97;3;0;0;0;2;Sentinel-1 Sentinel-2
524;117263;2021-02-10T18:34:29;96;4;0;0;0;2;Sentinel-1 Sentinel-2
525;117263;2021-02-12T13:33:39;0;22;0;78;0;0;Sentinel-2
526;117263;2021-02-13T07:41:29;96;4;0;0;0;2;Sentinel-1
527;117263;2021-02-14T07:34:13;98;2;0;0;0;2;Sentinel-1
528;117263;2021-02-15T12:54:11;0;94;1;5;0;0;Sentinel-2
529;117263;2021-02-16T18:35:11;95;4;0;0;1;2;Sentinel-1 Sentinel-2
530;117263;2021-02-17T12:44:11;0;0;0;99;1;0;Sentinel-1 Sentinel-2
531;117263;2021-02-18T13:04:09;5;94;0;0;1;0;Sentinel-2
532;117263;2021-02-19T18:59:36;96;3;0;0;1;2;Sentinel-1 Sentinel-2
533;117263;2021-02-20T18:50:48;58;42;0;0;0;1;Sentinel-1 Sentinel-2
534;117263;2021-02-21T18:43:17;97;2;0;0;1;2;Sentinel-1
535;117263;2021-02-22T18:34:29;97;3;0;0;0;2;Sentinel-1 Sentinel-2
536;117263;2021-02-25T18:58:54;20;80;0;0;0;0;Sentinel-1 Sentinel-2
537;117263;2021-02-26T07:34:13;98;2;0;0;0;2;Sentinel-1
538;117263;2021-02-28T18:35:11;5;94;0;0;1;0;Sentinel-1 Sentinel-2
539;117263;2021-03-03T18:59:36;94;6;0;0;0;2;Sentinel-1 Sentinel-2
540;117263;2021-03-04T18:50:48;50;48;2;0;0;1;Sentinel-1 Sentinel-2
541;117263;2021-03-05T18:43:17;14;86;0;0;0;0;Sentinel-1 Sentinel-2
542;117263;2021-03-06T18:34:29;96;3;0;0;1;2;Sentinel-1 Sentinel-2
543;117263;2021-03-07T12:54:12;0;0;0;99;1;0;Sentinel-1 Sentinel-2
544;117263;2021-03-09T18:58:54;97;3;0;0;0;2;Sentinel-1 Sentinel-2
545;117263;2021-03-10T07:34:13;97;2;0;0;1;2;Sentinel-1
546;117263;2021-03-12T18:34:56;93;7;0;0;0;2;Sentinel-1 Sentinel-2
547;117263;2021-03-15T18:59:36;92;8;0;0;0;2;Sentinel-1 Sentinel-2
548;117263;2021-03-16T13:23:57;98;2;0;0;0;2;Sentinel-1 Sentinel-2
549;117263;2021-03-17T18:43:17;91;8;0;0;1;2;Sentinel-1 Sentinel-2
550;117263;2021-03-19T12:44:11;0;12;0;88;0;0;Sentinel-1 Sentinel-2
551;117263;2021-03-21T18:58:54;98;2;0;0;0;2;Sentinel-1 Sentinel-2
552;117263;2021-03-22T18:51:29;96;3;0;0;1;2;Sentinel-1 Sentinel-2
553;117263;2021-03-24T18:34:57;37;62;1;0;0;1;Sentinel-1 Sentinel-2
554;117263;2021-03-27T18:59:36;96;4;0;0;0;2;Sentinel-1 Sentinel-2
555;117263;2021-03-28T18:50:40;98;2;0;0;0;2;Sentinel-1 Sentinel-2
556;117263;2021-03-29T18:43:17;97;3;0;0;0;2;Sentinel-1 Sentinel-2
557;117263;2021-03-30T13:04:09;0;0;0;100;0;0;Sentinel-2
558;117263;2021-04-01T13:43:18;0;31;1;67;1;0;Sentinel-2
559;117263;2021-04-02T18:58:54;97;3;0;0;0;2;Sentinel-1 Sentinel-2
560;117263;2021-04-03T18:51:29;98;2;0;0;0;2;Sentinel-1 Sentinel-2
561;117263;2021-04-05T18:34:58;92;7;0;0;1;2;Sentinel-1 Sentinel-2
562;117263;2021-04-08T18:59:36;89;11;0;0;0;2;Sentinel-1 Sentinel-2
563;117263;2021-04-09T18:50:40;94;5;0;0;1;2;Sentinel-1 Sentinel-2
564;117263;2021-04-10T18:43:17;95;4;0;0;1;2;Sentinel-1 Sentinel-2
565;117263;2021-04-13T13:33:47;0;27;0;73;0;0;Sentinel-2
566;117263;2021-04-14T18:58:55;52;47;1;0;0;1;Sentinel-1 Sentinel-2
567;117263;2021-04-15T07:34:14;97;3;0;0;0;2;Sentinel-1
568;117263;2021-04-16T12:53:45;0;100;0;0;0;0;Sentinel-2
569;117263;2021-04-17T18:34:58;97;2;0;0;1;2;Sentinel-1
570;117263;2021-04-18T13:33:36;0;73;0;26;1;0;Sentinel-1 Sentinel-2
571;117263;2021-04-19T13:04:06;0;99;0;1;0;0;Sentinel-2
572;117263;2021-04-20T18:59:37;86;13;0;0;1;2;Sentinel-1 Sentinel-2
573;117263;2021-04-21T18:50:41;97;3;0;0;0;2;Sentinel-1 Sentinel-2
574;117263;2021-04-22T18:43:18;99;1;0;0;0;2;Sentinel-1
575;117263;2021-04-23T18:34:04;99;1;0;0;0;2;Sentinel-1 Sentinel-2
576;117263;2021-04-26T18:58:55;99;1;0;0;0;2;Sentinel-1 Sentinel-2
577;117263;2021-04-27T18:51:30;98;1;0;0;1;2;Sentinel-1 Sentinel-2
578;117263;2021-04-29T18:34:58;83;17;0;0;0;2;Sentinel-1 Sentinel-2
579;117263;2021-05-01T12:54:00;0;18;0;82;0;0;Sentinel-2
580;117263;2021-05-02T07:42:25;90;10;0;0;0;2;Sentinel-1
581;117263;2021-05-03T18:50:41;98;2;0;0;0;2;Sentinel-1 Sentinel-2
582;117263;2021-05-04T18:43:18;97;2;0;0;1;2;Sentinel-1 Sentinel-2
583;117263;2021-05-08T18:58:56;95;5;0;0;0;2;Sentinel-1 Sentinel-2
584;117263;2021-05-09T18:51:31;98;2;0;0;0;2;Sentinel-1 Sentinel-2
585;117263;2021-05-11T18:35:00;93;7;0;0;0;2;Sentinel-1 Sentinel-2
586;117263;2021-05-13T13:33:51;0;99;0;1;0;0;Sentinel-2
587;117263;2021-05-14T18:59:38;83;16;0;0;1;2;Sentinel-1 Sentinel-2
588;117263;2021-05-15T18:50:42;98;2;0;0;0;2;Sentinel-1 Sentinel-2
589;117263;2021-05-16T18:43:19;96;3;0;0;1;2;Sentinel-1 Sentinel-2
590;117263;2021-05-17T18:34:21;95;5;0;0;0;2;Sentinel-1 Sentinel-2
591;117263;2021-05-19T13:04:02;0;0;0;99;1;0;Sentinel-2
592;117263;2021-05-20T18:58:56;93;6;0;0;1;2;Sentinel-1 Sentinel-2
593;117263;2021-05-21T18:51:31;53;46;0;0;1;1;Sentinel-1 Sentinel-2
594;117263;2021-05-23T18:35:01;91;8;0;0;1;2;Sentinel-1 Sentinel-2
595;117263;2021-05-26T18:59:39;0;99;0;0;1;0;Sentinel-1 Sentinel-2
596;117263;2021-05-27T18:50:42;99;0;0;0;1;2;Sentinel-1 Sentinel-2
597;117263;2021-05-28T18:43:20;99;0;0;0;1;2;Sentinel-1 Sentinel-2
598;117263;2021-05-29T13:04:03;0;0;0;100;0;0;Sentinel-2
599;117263;2021-05-31T13:43:21;0;67;2;30;1;0;Sentinel-2
600;117263;2021-06-01T18:58:57;99;1;0;0;0;2;Sentinel-1 Sentinel-2
601;117263;2021-06-02T18:51:32;99;1;0;0;0;2;Sentinel-1 Sentinel-2
602;117263;2021-06-05T12:53:45;1;99;0;0;0;0;Sentinel-1 Sentinel-2
603;117263;2021-06-07T18:59:39;96;3;0;0;1;2;Sentinel-1 Sentinel-2
604;117263;2021-06-08T18:50:42;1;97;1;0;1;0;Sentinel-1 Sentinel-2
605;117263;2021-06-09T18:43:20;99;1;0;0;0;2;Sentinel-1
606;117263;2021-06-10T12:54:14;1;35;3;61;0;0;Sentinel-2
607;117263;2021-06-12T13:33:53;0;0;0;99;1;0;Sentinel-2
608;117263;2021-06-13T07:41:34;99;1;0;0;0;2;Sentinel-1
609;117263;2021-06-14T18:51:33;98;2;0;0;0;2;Sentinel-1 Sentinel-2
610;117263;2021-06-15T13:43:20;0;0;0;99;1;0;Sentinel-2
611;117263;2021-06-19T18:59:40;99;1;0;0;0;2;Sentinel-1 Sentinel-2
612;117263;2021-06-20T18:50:44;96;3;0;0;1;2;Sentinel-1 Sentinel-2
613;117263;2021-06-21T18:43:21;99;1;0;0;0;2;Sentinel-1 Sentinel-2
614;117263;2021-06-22T18:34:21;98;2;0;0;0;2;Sentinel-1 Sentinel-2
615;117263;2021-06-25T18:58:59;99;1;0;0;0;2;Sentinel-1 Sentinel-2
616;117263;2021-06-26T18:51:33;98;1;0;0;1;2;Sentinel-1 Sentinel-2
617;117263;2021-06-28T18:35:03;97;2;0;0;1;2;Sentinel-1 Sentinel-2
618;117263;2021-06-30T12:53:51;40;35;16;9;0;0;Sentinel-2
619;117263;2021-07-01T18:59:41;90;10;0;0;0;2;Sentinel-1 Sentinel-2
620;117263;2021-07-02T18:50:45;63;17;19;0;1;1;Sentinel-1 Sentinel-2
621;117263;2021-07-03T18:43:21;74;21;5;0;0;0;Sentinel-1 Sentinel-2
622;117263;2021-07-07T18:58:59;89;10;0;0;1;0;Sentinel-1 Sentinel-2
623;117263;2021-07-08T18:51:33;99;1;0;0;0;2;Sentinel-1 Sentinel-2
624;117263;2021-07-10T18:35:04;96;3;0;0;1;0;Sentinel-1 Sentinel-2
625;117263;2021-07-12T12:43:48;0;0;0;99;1;0;Sentinel-2
626;117263;2021-07-13T18:59:42;99;1;0;0;0;2;Sentinel-1 Sentinel-2
627;117263;2021-07-14T07:33:26;99;0;0;0;1;2;Sentinel-1
628;117263;2021-07-15T18:43:23;98;1;1;0;0;1;Sentinel-1 Sentinel-2
629;117263;2021-07-16T18:34:28;98;1;0;0;1;2;Sentinel-1 Sentinel-2
630;117263;2021-07-17T13:33:33;34;0;0;65;1;0;Sentinel-1 Sentinel-2
631;117263;2021-07-18T13:04:08;99;0;0;0;1;0;Sentinel-2
632;117263;2021-07-19T18:59:00;99;1;0;0;0;2;Sentinel-1 Sentinel-2
633;117263;2021-07-20T12:54:15;99;1;0;0;0;0;Sentinel-1 Sentinel-2
634;117263;2021-07-22T18:35:04;99;0;1;0;0;0;Sentinel-1 Sentinel-2
635;117263;2021-07-25T18:59:42;99;1;0;0;0;2;Sentinel-1 Sentinel-2
636;117263;2021-07-26T18:50:45;99;1;0;0;0;2;Sentinel-1 Sentinel-2
637;117263;2021-07-27T18:43:23;99;1;0;0;0;2;Sentinel-1 Sentinel-2
638;117263;2021-07-30T13:43:22;99;0;0;0;1;0;Sentinel-2
639;117263;2021-07-31T18:59:00;99;1;0;0;0;2;Sentinel-1 Sentinel-2
640;117263;2021-08-01T18:51:36;99;1;0;0;0;2;Sentinel-1 Sentinel-2
641;117263;2021-08-03T18:35:05;98;1;0;0;1;2;Sentinel-1 Sentinel-2
642;117263;2021-08-06T18:59:43;99;1;0;0;0;2;Sentinel-1 Sentinel-2
643;117263;2021-08-07T18:50:47;99;1;0;0;0;2;Sentinel-1 Sentinel-2
644;117263;2021-08-08T18:43:24;99;1;0;0;0;2;Sentinel-1 Sentinel-2
645;117263;2021-08-09T18:34:23;99;0;0;0;1;0;Sentinel-1 Sentinel-2
646;117263;2021-08-11T13:33:43;28;0;1;70;1;0;Sentinel-2
647;117263;2021-08-12T18:59:00;100;0;0;0;0;0;Sentinel-1 Sentinel-2
648;117263;2021-08-13T18:51:36;99;1;0;0;0;2;Sentinel-1 Sentinel-2
649;117263;2021-08-15T18:35:06;98;2;0;0;0;2;Sentinel-1 Sentinel-2
650;117263;2021-08-16T13:33:27;99;0;0;0;1;0;Sentinel-1 Sentinel-2
651;117263;2021-08-18T18:59:44;98;1;0;0;1;2;Sentinel-1 Sentinel-2
652;117263;2021-08-19T12:53:51;99;1;0;0;0;2;Sentinel-1 Sentinel-2
653;117263;2021-08-20T18:43:24;99;1;0;0;0;2;Sentinel-1 Sentinel-2
654;117263;2021-08-21T18:34:23;99;1;0;0;0;2;Sentinel-1 Sentinel-2
655;117263;2021-08-22T13:03:48;0;0;0;100;0;0;Sentinel-1 Sentinel-2
656;117263;2021-08-24T18:59:02;99;0;0;0;1;0;Sentinel-1 Sentinel-2
657;117263;2021-08-25T18:51:36;99;1;0;0;0;2;Sentinel-1 Sentinel-2
658;117263;2021-08-26T12:43:54;99;0;0;0;1;0;Sentinel-2
659;117263;2021-08-27T18:35:06;96;2;1;0;1;1;Sentinel-1 Sentinel-2
660;117263;2021-08-30T18:59:44;78;22;0;0;0;2;Sentinel-1 Sentinel-2
661;117263;2021-08-31T13:33:54;95;1;4;0;0;1;Sentinel-1 Sentinel-2
662;117263;2021-09-01T18:43:24;100;0;0;0;0;0;Sentinel-1 Sentinel-2
663;117263;2021-09-02T18:34:24;99;1;0;0;0;2;Sentinel-1 Sentinel-2
664;117263;2021-09-03T12:53:40;1;0;0;98;1;0;Sentinel-1 Sentinel-2
665;117263;2021-09-05T18:59:03;98;1;0;0;1;2;Sentinel-1 Sentinel-2
666;117263;2021-09-06T18:51:36;99;1;0;0;0;2;Sentinel-1 Sentinel-2
667;117263;2021-09-08T18:35:07;97;2;0;0;1;2;Sentinel-1 Sentinel-2
668;117263;2021-09-10T13:33:27;0;0;0;99;1;0;Sentinel-2
669;117263;2021-09-11T18:59:45;97;2;0;0;1;2;Sentinel-1 Sentinel-2
670;117263;2021-09-12T07:33:29;99;1;0;0;0;2;Sentinel-1
671;117263;2021-09-13T18:43:26;98;2;0;0;0;2;Sentinel-1
672;117263;2021-09-14T18:34:24;98;2;0;0;0;2;Sentinel-1 Sentinel-2
673;117263;2021-09-15T13:33:48;82;0;0;18;0;0;Sentinel-1 Sentinel-2
674;117263;2021-09-17T18:59:03;98;1;0;0;1;2;Sentinel-1 Sentinel-2
675;117263;2021-09-18T18:51:38;99;1;0;0;0;2;Sentinel-1 Sentinel-2
676;117263;2021-09-20T18:35:07;97;3;0;0;0;2;Sentinel-1 Sentinel-2
677;117263;2021-09-23T07:42:32;98;2;0;0;0;2;Sentinel-1
678;117263;2021-09-24T18:50:48;99;1;0;0;0;2;Sentinel-1 Sentinel-2
679;117263;2021-09-25T18:43:26;99;1;0;0;0;2;Sentinel-1 Sentinel-2
680;117263;2021-09-26T18:34:26;99;1;0;0;0;2;Sentinel-1
681;117263;2021-09-29T18:59:03;99;1;0;0;0;2;Sentinel-1 Sentinel-2
682;117263;2021-09-30T18:51:38;99;1;0;0;0;2;Sentinel-1 Sentinel-2
683;117263;2021-10-01T13:04:15;0;0;1;98;1;0;Sentinel-2
684;117263;2021-10-02T18:35:08;99;1;0;0;0;2;Sentinel-1
685;117263;2021-10-05T18:59:45;99;1;0;0;0;2;Sentinel-1 Sentinel-2
686;117263;2021-10-06T18:50:48;91;1;7;0;1;1;Sentinel-1 Sentinel-2
687;117263;2021-10-07T18:43:26;98;1;0;0;1;2;Sentinel-1
688;117263;2021-10-08T18:34:29;99;1;0;0;0;2;Sentinel-1 Sentinel-2
689;117263;2021-10-10T13:33:46;3;5;5;87;0;0;Sentinel-2
690;117263;2021-10-11T18:59:03;98;1;0;0;1;0;Sentinel-1 Sentinel-2
691;117263;2021-10-12T07:34:23;99;1;0;0;0;2;Sentinel-1
692;117263;2021-10-14T18:35:08;97;2;0;0;1;2;Sentinel-1 Sentinel-2
693;117263;2021-10-15T13:33:53;0;1;0;99;0;0;Sentinel-1 Sentinel-2
694;117263;2021-10-16T13:03:50;0;0;0;100;0;0;Sentinel-2
695;117263;2021-10-17T18:59:46;97;2;0;0;1;2;Sentinel-1 Sentinel-2
696;117263;2021-10-18T07:33:30;99;1;0;0;0;2;Sentinel-1
697;117263;2021-10-19T18:43:26;99;1;0;0;0;2;Sentinel-1 Sentinel-2
698;117263;2021-10-20T18:34:29;4;22;3;71;0;0;Sentinel-1 Sentinel-2
699;117263;2021-10-21T13:03:55;72;1;0;27;0;0;Sentinel-1 Sentinel-2
700;117263;2021-10-23T18:59:03;78;4;17;0;1;1;Sentinel-1 Sentinel-2
701;117263;2021-10-24T18:51:38;99;1;0;0;0;2;Sentinel-1 Sentinel-2
702;117263;2021-10-25T13:33:23;0;0;0;100;0;0;Sentinel-2
703;117263;2021-10-26T18:35:08;97;3;0;0;0;2;Sentinel-1 Sentinel-2
704;117263;2021-10-29T18:59:45;97;2;0;0;1;2;Sentinel-1 Sentinel-2
705;117263;2021-10-30T18:50:48;98;1;0;0;1;2;Sentinel-1 Sentinel-2
706;117263;2021-10-31T18:43:26;99;1;0;0;0;2;Sentinel-1 Sentinel-2
707;117263;2021-11-01T18:34:29;98;1;0;0;1;2;Sentinel-1 Sentinel-2
708;117263;2021-11-02T12:54:14;0;0;14;85;1;0;Sentinel-1 Sentinel-2
709;117263;2021-11-04T18:59:03;94;5;0;0;1;2;Sentinel-1 Sentinel-2
710;117263;2021-11-05T18:51:38;98;1;0;0;1;2;Sentinel-1 Sentinel-2
711;117263;2021-11-07T18:35:08;98;2;0;0;0;2;Sentinel-1 Sentinel-2
712;117263;2021-11-09T12:44:12;0;0;0;100;0;0;Sentinel-2
713;117263;2021-11-10T18:59:45;96;3;0;0;1;2;Sentinel-1 Sentinel-2
714;117263;2021-11-11T18:50:48;99;1;0;0;0;2;Sentinel-1 Sentinel-2
715;117263;2021-11-12T18:43:26;98;2;0;0;0;2;Sentinel-1 Sentinel-2
716;117263;2021-11-13T18:34:29;80;20;0;0;0;2;Sentinel-1 Sentinel-2
717;117263;2021-11-16T18:59:03;98;1;0;0;1;2;Sentinel-1 Sentinel-2
718;117263;2021-11-17T07:34:22;86;14;0;0;0;2;Sentinel-1
719;117263;2021-11-19T18:35:07;97;3;0;0;0;2;Sentinel-1
720;117263;2021-11-22T07:42:32;77;23;0;0;0;2;Sentinel-1
721;117263;2021-11-23T07:33:29;99;1;0;0;0;2;Sentinel-1
722;117263;2021-11-24T18:43:26;99;1;0;0;0;2;Sentinel-1
723;117263;2021-11-25T18:34:28;97;2;0;0;1;2;Sentinel-1
724;117263;2021-11-28T07:41:39;98;1;0;0;1;2;Sentinel-1
725;117263;2021-11-29T07:34:22;98;1;0;0;1;2;Sentinel-1
726;117263;2021-12-01T18:35:07;98;2;0;0;0;2;Sentinel-1
727;117263;2021-12-04T07:42:32;94;5;0;0;1;2;Sentinel-1
728;117263;2021-12-05T07:33:29;95;5;0;0;0;2;Sentinel-1
729;117263;2021-12-06T18:43:24;94;6;0;0;0;2;Sentinel-1
730;117263;2021-12-07T18:34:24;95;5;0;0;0;2;Sentinel-1
731;117263;2021-12-10T07:41:39;95;4;0;0;1;2;Sentinel-1
732;117263;2021-12-11T07:34:21;92;8;0;0;0;2;Sentinel-1
733;117263;2021-12-13T18:35:06;96;4;0;0;0;2;Sentinel-1
734;117263;2021-12-16T07:42:31;95;5;0;0;0;2;Sentinel-1
735;117263;2021-12-17T07:33:28;98;2;0;0;0;2;Sentinel-1
736;117263;2021-12-18T18:43:24;99;0;0;0;1;2;Sentinel-1
737;117263;2021-12-19T18:34:23;98;1;0;0;1;2;Sentinel-1
738;117263;2021-12-22T07:41:38;98;1;0;0;1;2;Sentinel-1
739;117263;2021-12-23T07:34:21;98;2;0;0;0;2;Sentinel-1
740;117263;2021-12-25T18:35:06;97;3;0;0;0;2;Sentinel-1
741;117263;2021-12-28T07:42:30;97;2;0;0;1;2;Sentinel-1
742;117263;2021-12-30T18:43:24;97;2;0;0;1;2;Sentinel-1
743;117263;2022-01-04T07:34:20;98;2;0;0;0;2;Sentinel-1
744;117263;2022-01-06T18:35:05;94;5;0;0;1;2;Sentinel-1
745;117263;2022-01-09T07:42:30;95;5;0;0;0;2;Sentinel-1
746;117263;2022-01-11T18:43:24;97;2;0;0;1;2;Sentinel-1
747;117263;2022-01-16T07:34:20;97;2;0;0;1;2;Sentinel-1
748;117263;2022-01-18T18:35:05;94;5;0;0;1;2;Sentinel-1
749;117263;2022-01-21T07:42:28;94;6;0;0;0;2;Sentinel-1
750;117263;2022-01-23T18:43:23;96;3;0;0;1;2;Sentinel-1
751;117263;2022-01-28T18:51:35;96;3;0;0;1;2;Sentinel-1 Sentinel-2
752;117263;2022-01-30T18:35:04;88;11;0;0;1;2;Sentinel-1 Sentinel-2
753;117263;2022-02-02T18:59:41;87;12;0;0;1;2;Sentinel-1 Sentinel-2
754;117263;2022-02-04T18:43:21;96;4;0;0;0;2;Sentinel-1 Sentinel-2
755;117263;2022-02-07T13:33:51;0;0;0;99;1;0;Sentinel-2
756;117263;2022-02-09T18:51:33;97;3;0;0;0;2;Sentinel-1 Sentinel-2
757;117263;2022-02-10T12:53:58;0;82;0;17;1;1;Sentinel-2
758;117263;2022-02-11T18:35:04;93;6;0;0;1;2;Sentinel-1
759;117263;2022-02-13T13:04:00;4;17;0;78;1;0;Sentinel-2
760;117263;2022-02-14T18:59:41;90;10;0;0;0;2;Sentinel-1 Sentinel-2
761;117263;2022-02-16T18:43:21;97;3;0;0;0;2;Sentinel-1
762;117263;2022-02-21T07:34:19;97;2;0;0;1;2;Sentinel-1
763;117263;2022-02-23T18:35:04;92;8;0;0;0;2;Sentinel-1 Sentinel-2
764;117263;2022-02-26T18:59:41;93;7;0;0;0;2;Sentinel-1 Sentinel-2
765;117263;2022-02-28T18:43:21;97;2;0;0;1;2;Sentinel-1 Sentinel-2
766;117263;2022-03-04T13:33:29;0;0;0;100;0;0;Sentinel-2
767;117263;2022-03-05T18:51:33;97;2;0;0;1;2;Sentinel-1 Sentinel-2
768;117263;2022-03-07T18:35:04;95;5;0;0;0;2;Sentinel-1 Sentinel-2
769;117263;2022-03-09T13:33:56;0;0;0;99;1;0;Sentinel-2
770;117263;2022-03-10T18:59:41;93;6;0;0;1;2;Sentinel-1 Sentinel-2
771;117263;2022-03-12T18:43:21;3;96;0;0;1;0;Sentinel-1 Sentinel-2
772;117263;2022-03-15T13:04:04;0;94;5;0;1;0;Sentinel-2
773;117263;2022-03-17T18:51:33;97;3;0;0;0;2;Sentinel-1 Sentinel-2
774;117263;2022-03-19T18:35:04;96;3;0;0;1;2;Sentinel-1
775;117263;2022-03-20T13:04:14;0;0;0;100;0;0;Sentinel-1 Sentinel-2
776;117263;2022-03-22T07:42:28;76;23;0;0;1;2;Sentinel-1
777;117263;2022-03-24T18:43:23;97;3;0;0;0;2;Sentinel-1 Sentinel-2
778;117263;2022-03-29T18:51:33;9;89;1;0;1;0;Sentinel-1 Sentinel-2
779;117263;2022-03-30T13:04:03;0;99;0;0;1;0;Sentinel-2
780;117263;2022-03-31T18:35:04;95;4;0;0;1;2;Sentinel-1 Sentinel-2
781;117263;2022-04-01T12:54:09;0;0;0;100;0;0;Sentinel-1 Sentinel-2
782;117263;2022-04-03T18:59:42;97;3;0;0;0;2;Sentinel-1 Sentinel-2
783;117263;2022-04-05T18:43:23;97;3;0;0;0;2;Sentinel-1 Sentinel-2
784;117263;2022-04-09T13:04:06;0;0;0;100;0;0;Sentinel-2
785;117263;2022-04-10T18:51:35;97;2;0;0;1;2;Sentinel-1 Sentinel-2
786;117263;2022-04-11T12:53:58;0;1;0;98;1;0;Sentinel-2
787;117263;2022-04-12T18:35:04;94;5;0;0;1;2;Sentinel-1 Sentinel-2
788;117263;2022-04-13T13:33:36;0;63;6;30;1;0;Sentinel-1 Sentinel-2
789;117263;2022-04-15T18:59:42;93;7;0;0;0;2;Sentinel-1 Sentinel-2
790;117263;2022-04-17T18:43:23;99;0;0;0;1;2;Sentinel-1 Sentinel-2
791;117263;2022-04-19T13:04:15;0;0;0;99;1;0;Sentinel-2
792;117263;2022-04-21T12:53:59;1;99;0;0;0;0;Sentinel-2
793;117263;2022-04-22T18:51:35;99;1;0;0;0;2;Sentinel-1 Sentinel-2
794;117263;2022-04-23T13:33:15;1;99;0;0;0;0;Sentinel-2
795;117263;2022-04-24T18:35:05;1;99;0;0;0;0;Sentinel-1 Sentinel-2
796;117263;2022-04-27T18:59:43;97;2;0;0;1;2;Sentinel-1 Sentinel-2
797;117263;2022-04-29T18:43:24;99;0;0;0;1;2;Sentinel-1 Sentinel-2
798;117263;2022-05-01T12:54:07;0;1;0;98;1;0;Sentinel-2
799;117263;2022-05-04T18:51:35;99;0;0;0;1;2;Sentinel-1 Sentinel-2
800;117263;2022-05-06T18:35:05;60;39;1;0;0;1;Sentinel-1 Sentinel-2
801;117263;2022-05-08T12:43:34;0;3;0;96;1;0;Sentinel-2
802;117263;2022-05-09T18:59:43;0;99;1;0;0;0;Sentinel-1 Sentinel-2
803;117263;2022-05-11T18:43:24;99;0;0;0;1;2;Sentinel-1 Sentinel-2
804;117263;2022-05-14T13:04:01;0;2;0;98;0;0;Sentinel-2
805;117263;2022-05-16T18:51:36;7;92;0;0;1;0;Sentinel-1 Sentinel-2
806;117263;2022-05-18T18:35:06;98;1;0;0;1;2;Sentinel-1 Sentinel-2
807;117263;2022-05-21T18:59:44;98;2;0;0;0;2;Sentinel-1 Sentinel-2
808;117263;2022-05-24T13:03:47;0;0;0;99;1;0;Sentinel-2
809;117263;2022-05-28T18:51:36;3;97;0;0;0;0;Sentinel-1 Sentinel-2
810;117263;2022-05-29T13:04:19;3;97;0;0;0;0;Sentinel-2
811;117263;2022-05-30T18:35:07;99;1;0;0;0;2;Sentinel-1 Sentinel-2
812;117263;2022-05-31T12:53:50;3;96;0;0;1;0;Sentinel-1 Sentinel-2
813;117263;2022-06-02T18:59:45;97;3;0;0;0;2;Sentinel-1 Sentinel-2
814;117263;2022-06-04T18:43:26;98;2;0;0;0;2;Sentinel-1 Sentinel-2
815;117263;2022-06-05T13:43:21;1;56;0;43;0;0;Sentinel-2
816;117263;2022-06-09T18:51:39;97;3;0;0;0;2;Sentinel-1 Sentinel-2
817;117263;2022-06-11T18:35:08;98;2;0;0;0;2;Sentinel-1 Sentinel-2
818;117263;2022-06-14T18:59:46;96;4;0;0;0;2;Sentinel-1 Sentinel-2
819;117263;2022-06-15T12:54:24;11;50;13;26;0;0;Sentinel-2
820;117263;2022-06-16T18:43:27;99;1;0;0;0;2;Sentinel-1 Sentinel-2
821;117263;2022-06-21T07:34:24;96;4;0;0;0;2;Sentinel-1
822;117263;2022-06-22T13:33:57;13;10;2;74;1;0;Sentinel-2
823;117263;2022-06-23T18:35:09;97;3;0;0;0;2;Sentinel-1 Sentinel-2
824;117263;2022-06-26T18:59:47;97;3;0;0;0;2;Sentinel-1 Sentinel-2
825;117263;2022-06-28T18:43:27;97;2;0;0;1;2;Sentinel-1 Sentinel-2
826;117263;2022-07-02T13:33:46;0;0;0;99;1;0;Sentinel-2
827;117263;2022-07-03T07:34:24;99;1;0;0;0;2;Sentinel-1
828;117263;2022-07-05T18:35:09;97;2;0;0;1;1;Sentinel-1 Sentinel-2
829;117263;2022-07-07T12:44:17;12;0;3;85;0;0;Sentinel-2
830;117263;2022-07-08T18:59:47;93;6;0;0;1;2;Sentinel-1 Sentinel-2
831;117263;2022-07-10T18:43:27;99;1;0;0;0;2;Sentinel-1 Sentinel-2
832;117263;2022-07-13T13:04:15;30;0;0;70;0;0;Sentinel-2
833;117263;2022-07-15T18:51:41;99;1;0;0;0;2;Sentinel-1 Sentinel-2
834;117263;2022-07-17T18:35:09;98;1;0;0;1;2;Sentinel-1 Sentinel-2
835;117263;2022-07-18T13:03:58;0;0;0;100;0;0;Sentinel-1 Sentinel-2
836;117263;2022-07-20T18:59:48;98;1;0;0;1;2;Sentinel-1 Sentinel-2
837;117263;2022-07-22T18:43:29;99;1;0;0;0;2;Sentinel-1 Sentinel-2
838;117263;2022-07-23T13:04:15;86;0;0;13;1;0;Sentinel-2
839;117263;2022-07-27T07:34:26;98;1;0;0;1;2;Sentinel-1
840;117263;2022-07-28T13:04:20;0;0;0;99;1;0;Sentinel-2
841;117263;2022-07-29T18:35:11;98;1;0;0;1;2;Sentinel-1 Sentinel-2
842;117263;2022-08-01T18:59:48;95;5;0;0;0;2;Sentinel-1 Sentinel-2
843;117263;2022-08-03T18:43:29;98;1;0;0;1;2;Sentinel-1 Sentinel-2
844;117263;2022-08-08T18:51:42;98;1;0;0;1;2;Sentinel-1 Sentinel-2
845;117263;2022-08-09T12:53:53;79;0;1;21;-1;0;Sentinel-2
846;117263;2022-08-10T18:35:12;98;2;0;0;0;2;Sentinel-1 Sentinel-2
847;117263;2022-08-11T13:33:56;0;0;0;99;1;0;Sentinel-1 Sentinel-2
848;117263;2022-08-13T18:59:50;97;2;0;0;1;2;Sentinel-1 Sentinel-2
849;117263;2022-08-15T18:43:30;99;1;0;0;0;2;Sentinel-1 Sentinel-2
850;117263;2022-08-16T13:34:05;64;0;0;36;0;0;Sentinel-2
851;117263;2022-08-20T18:51:42;99;1;0;0;0;2;Sentinel-1 Sentinel-2
852;117263;2022-08-22T18:35:12;99;1;0;0;0;2;Sentinel-1 Sentinel-2
853;117263;2022-08-25T18:59:50;98;2;0;0;0;2;Sentinel-1 Sentinel-2
854;117263;2022-08-27T18:43:30;100;0;0;0;0;0;Sentinel-1 Sentinel-2
855;117263;2022-08-29T12:53:50;0;0;0;99;1;0;Sentinel-2
856;117263;2022-09-01T18:51:44;99;1;0;0;0;2;Sentinel-1 Sentinel-2
857;117263;2022-09-03T18:35:12;97;1;1;0;1;0;Sentinel-1 Sentinel-2
858;117263;2022-09-05T13:33:53;100;0;0;0;0;0;Sentinel-2
859;117263;2022-09-06T18:59:51;98;1;0;0;1;2;Sentinel-1 Sentinel-2
860;117263;2022-09-08T18:43:32;100;0;0;0;0;0;Sentinel-1 Sentinel-2
861;117263;2022-09-13T18:51:44;99;1;0;0;0;2;Sentinel-1 Sentinel-2
862;117263;2022-09-15T18:35:12;100;0;0;0;0;0;Sentinel-1 Sentinel-2
863;117263;2022-09-16T13:04:15;100;0;0;0;0;0;Sentinel-1 Sentinel-2
864;117263;2022-09-18T18:59:51;99;1;1;0;-1;0;Sentinel-1 Sentinel-2
865;117263;2022-09-20T18:43:30;98;1;0;0;1;2;Sentinel-1 Sentinel-2
866;117263;2022-09-23T13:43:21;80;0;1;18;1;0;Sentinel-2
867;117263;2022-09-25T18:51:44;89;8;3;0;0;2;Sentinel-1 Sentinel-2
868;117263;2022-09-26T13:04:17;97;0;0;2;1;0;Sentinel-2
869;117263;2022-09-27T18:35:14;98;1;0;0;1;2;Sentinel-1 Sentinel-2
870;117263;2022-09-28T12:54:12;0;0;0;99;1;0;Sentinel-1 Sentinel-2
871;117263;2022-09-30T18:59:51;98;2;0;0;0;2;Sentinel-1 Sentinel-2
872;117263;2022-10-02T18:43:32;98;2;0;0;0;2;Sentinel-1 Sentinel-2
873;117263;2022-10-05T13:33:59;27;1;23;49;0;0;Sentinel-2
874;117263;2022-10-06T13:04:17;0;0;0;99;1;0;Sentinel-2
875;117263;2022-10-07T18:51:44;99;1;0;0;0;2;Sentinel-1 Sentinel-2
876;117263;2022-10-09T18:35:14;38;62;0;0;0;2;Sentinel-1 Sentinel-2
877;117263;2022-10-10T13:33:39;3;4;20;73;0;0;Sentinel-1 Sentinel-2
878;117263;2022-10-12T18:59:51;98;2;0;0;0;2;Sentinel-1 Sentinel-2
879;117263;2022-10-13T12:54:18;85;1;0;14;0;0;Sentinel-2
880;117263;2022-10-14T18:43:32;99;1;0;0;0;2;Sentinel-1 Sentinel-2
881;117263;2022-10-16T13:04:14;0;0;0;99;1;0;Sentinel-2
882;117263;2022-10-18T12:54:08;99;1;0;0;0;0;Sentinel-2
883;117263;2022-10-19T18:51:44;99;1;0;0;0;2;Sentinel-1 Sentinel-2
884;117263;2022-10-20T13:33:51;0;0;0;100;0;0;Sentinel-2
885;117263;2022-10-21T18:35:14;88;1;10;0;1;1;Sentinel-1 Sentinel-2
886;117263;2022-10-23T13:43:19;15;0;0;85;0;0;Sentinel-2
887;117263;2022-10-24T18:59:51;98;1;0;0;1;2;Sentinel-1 Sentinel-2
888;117263;2022-10-26T18:43:32;98;1;1;0;0;2;Sentinel-1 Sentinel-2
889;117263;2022-10-28T12:54:12;98;1;0;0;1;1;Sentinel-2
890;117263;2022-10-30T12:43:56;0;12;6;81;1;0;Sentinel-2
891;117263;2022-10-31T18:51:44;98;1;0;0;1;2;Sentinel-1 Sentinel-2
892;117263;2022-11-02T18:35:12;99;1;0;0;0;2;Sentinel-1 Sentinel-2
893;117263;2022-11-04T13:33:44;2;1;7;89;1;0;Sentinel-2
894;117263;2022-11-05T18:59:51;96;3;0;0;1;2;Sentinel-1 Sentinel-2
895;117263;2022-11-07T18:43:32;97;2;0;0;1;2;Sentinel-1
896;117263;2022-11-09T12:43:51;0;68;6;25;1;1;Sentinel-2
897;117263;2022-11-12T18:51:44;98;1;0;0;1;2;Sentinel-1 Sentinel-2
898;117263;2022-11-14T18:35:12;99;1;0;0;0;2;Sentinel-1
899;117263;2022-11-17T18:59:51;93;7;0;0;0;2;Sentinel-1 Sentinel-2
900;117263;2022-11-19T18:43:32;99;1;0;0;0;2;Sentinel-1
901;117263;2022-11-24T07:34:29;98;2;0;0;0;2;Sentinel-1
902;117263;2022-11-26T18:35:12;99;1;0;0;0;2;Sentinel-1
903;117263;2022-11-29T07:42:38;99;1;0;0;0;2;Sentinel-1
904;117263;2022-12-01T18:43:31;99;1;0;0;0;2;Sentinel-1
905;117263;2022-12-06T07:34:28;99;1;0;0;0;2;Sentinel-1
906;117263;2022-12-08T18:35:13;97;2;0;0;1;2;Sentinel-1
907;117263;2022-12-11T07:42:37;97;2;0;0;1;2;Sentinel-1
908;117263;2022-12-13T18:43:31;99;1;0;0;0;2;Sentinel-1
909;117263;2022-12-18T07:34:27;99;1;0;0;0;2;Sentinel-1
910;117263;2022-12-20T18:35:12;75;25;0;0;0;2;Sentinel-1
911;117263;2022-12-23T07:42:37;91;8;0;0;1;2;Sentinel-1
912;117263;2022-12-25T18:43:30;93;7;0;0;0;2;Sentinel-1
913;117263;2022-12-30T07:34:26;98;2;0;0;0;2;Sentinel-1
914;117263;2023-01-01T18:35:11;93;7;0;0;0;2;Sentinel-1
915;117263;2023-01-04T07:42:36;95;5;0;0;0;2;Sentinel-1
916;117263;2023-01-06T18:43:30;98;2;0;0;0;2;Sentinel-1
917;117263;2023-01-11T07:34:25;98;2;0;0;0;2;Sentinel-1
918;117263;2023-01-13T18:35:10;96;3;0;0;1;2;Sentinel-1
919;117263;2023-01-16T07:42:35;95;5;0;0;0;2;Sentinel-1
920;117263;2023-01-18T18:43:28;98;2;0;0;0;2;Sentinel-1
921;117263;2023-01-25T18:35:10;97;3;0;0;0;2;Sentinel-1
922;117263;2023-01-28T07:42:35;94;6;0;0;0;2;Sentinel-1
923;117263;2023-01-30T18:43:29;98;2;0;0;0;2;Sentinel-1
924;117263;2023-02-04T18:51:40;97;2;0;0;1;2;Sentinel-1 Sentinel-2
925;117263;2023-02-08T13:04:09;2;72;2;24;0;1;Sentinel-2
926;117263;2023-02-09T18:59:47;90;9;0;0;1;2;Sentinel-1 Sentinel-2
927;117263;2023-02-10T13:43:19;4;50;4;41;1;1;Sentinel-2
928;117263;2023-02-11T18:43:28;84;15;0;0;1;2;Sentinel-1 Sentinel-2
929;117263;2023-02-13T13:03:50;4;15;3;77;1;0;Sentinel-2
930;117263;2023-02-16T18:51:40;92;8;0;0;0;2;Sentinel-1 Sentinel-2
931;117263;2023-02-17T13:33:50;38;35;1;26;0;0;Sentinel-2
932;117263;2023-02-18T18:35:09;79;20;0;0;1;2;Sentinel-1
933;117263;2023-02-20T12:54:10;0;1;5;92;2;0;Sentinel-2
934;117263;2023-02-21T18:59:47;78;22;0;0;0;2;Sentinel-1 Sentinel-2
935;117263;2023-02-22T12:43:47;39;2;6;53;0;0;Sentinel-2
936;117263;2023-02-23T18:43:03;68;28;4;0;0;1;Sentinel-1 Sentinel-2
937;117263;2023-02-28T18:51:40;86;13;0;0;1;1;Sentinel-1 Sentinel-2
938;117263;2023-03-02T18:35:10;19;3;0;78;0;0;Sentinel-1 Sentinel-2
939;117263;2023-03-04T12:44:14;0;0;0;100;0;0;Sentinel-2
940;117263;2023-03-05T18:59:47;66;2;31;0;1;1;Sentinel-1 Sentinel-2
941;117263;2023-03-07T18:43:28;93;4;2;0;1;2;Sentinel-1 Sentinel-2
942;117263;2023-03-09T12:43:28;0;0;0;99;1;0;Sentinel-2
943;117263;2023-03-12T18:51:40;89;6;5;0;0;2;Sentinel-1 Sentinel-2
944;117263;2023-03-19T13:33:55;0;3;0;97;0;0;Sentinel-2
945;117263;2023-03-20T13:04:14;0;0;0;99;1;0;Sentinel-2
946;117263;2023-03-22T12:54:00;0;0;0;99;1;0;Sentinel-2
947;117263;2023-03-24T18:51:40;96;3;0;0;1;2;Sentinel-1 Sentinel-2
948;117263;2023-03-25T13:04:09;0;0;0;99;1;0;Sentinel-2
949;117263;2023-03-27T12:54:16;0;0;0;100;0;0;Sentinel-2
950;117263;2023-03-29T07:42:35;93;7;0;0;0;2;Sentinel-1
951;117263;2023-03-31T18:43:28;99;1;0;0;0;2;Sentinel-1 Sentinel-2
952;117263;2023-04-01T13:43:23;2;96;0;1;1;0;Sentinel-2
953;117263;2023-04-04T13:04:10;0;0;0;100;0;0;Sentinel-2
954;117263;2023-04-05T13:24:06;99;1;0;0;0;2;Sentinel-1 Sentinel-2
955;117263;2023-04-06T12:54:16;0;0;0;100;0;0;Sentinel-2
956;117263;2023-04-07T18:35:10;96;4;0;0;0;2;Sentinel-1
957;117263;2023-04-09T13:03:40;0;0;0;100;0;0;Sentinel-2
958;117263;2023-04-10T18:59:48;92;8;0;0;0;2;Sentinel-1 Sentinel-2
959;117263;2023-04-11T12:54:04;0;48;5;47;0;0;Sentinel-2
960;117263;2023-04-17T18:51:41;87;13;0;0;0;2;Sentinel-1 Sentinel-2
961;117263;2023-04-19T18:35:10;2;98;0;0;0;0;Sentinel-1 Sentinel-2
962;117263;2023-04-22T13:13:51;86;13;0;0;1;2;Sentinel-1 Sentinel-2
963;117263;2023-04-23T13:33:51;0;0;0;99;1;0;Sentinel-2
964;117263;2023-04-24T18:43:29;34;66;0;0;0;1;Sentinel-1 Sentinel-2
965;117263;2023-04-29T18:51:41;97;3;0;0;0;2;Sentinel-1 Sentinel-2
966;117263;2023-05-01T18:35:11;91;9;0;0;0;2;Sentinel-1 Sentinel-2
967;117263;2023-05-03T13:33:27;0;93;0;7;0;0;Sentinel-2
968;117263;2023-05-04T18:59:49;65;35;0;0;0;2;Sentinel-1 Sentinel-2
969;117263;2023-05-06T18:43:30;92;7;0;0;1;2;Sentinel-1 Sentinel-2
970;117263;2023-05-11T18:51:42;1;99;0;0;0;0;Sentinel-1 Sentinel-2
971;117263;2023-05-13T18:35:12;93;7;0;0;0;2;Sentinel-1
972;117263;2023-05-16T18:59:50;92;8;0;0;0;2;Sentinel-1 Sentinel-2
973;117263;2023-05-18T18:43:31;99;0;0;0;1;2;Sentinel-1 Sentinel-2
974;117263;2023-05-23T18:51:42;0;0;0;100;0;0;Sentinel-1 Sentinel-2
975;117263;2023-05-24T13:04:14;6;0;1;93;0;0;Sentinel-2
976;117263;2023-05-25T18:35:12;96;3;0;0;1;2;Sentinel-1 Sentinel-2
977;117263;2023-05-28T18:59:50;86;14;0;0;0;2;Sentinel-1 Sentinel-2
978;117263;2023-05-30T18:43:31;99;1;0;0;0;2;Sentinel-1 Sentinel-2
979;117263;2023-05-31T12:54:16;99;1;0;0;0;0;Sentinel-2
980;117263;2023-06-03T13:04:05;5;0;4;89;2;0;Sentinel-2
981;117263;2023-06-04T18:51:43;99;1;0;0;0;2;Sentinel-1 Sentinel-2
982;117263;2023-06-05T12:54:13;0;0;0;99;1;0;Sentinel-2
983;117263;2023-06-06T18:35:12;98;1;0;0;1;2;Sentinel-1 Sentinel-2
984;117263;2023-06-07T12:44:15;99;0;0;0;1;0;Sentinel-1 Sentinel-2
985;117263;2023-06-09T18:59:50;97;2;0;0;1;2;Sentinel-1 Sentinel-2
986;117263;2023-06-10T13:43:25;98;0;0;0;2;0;Sentinel-2
987;117263;2023-06-11T18:43:32;99;1;0;0;0;2;Sentinel-1 Sentinel-2
988;117263;2023-06-12T13:33:31;9;0;0;91;0;0;Sentinel-2
989;117263;2023-06-13T13:04:14;99;0;0;0;1;0;Sentinel-2
990;117263;2023-06-15T13:43:24;0;0;0;99;1;0;Sentinel-2
991;117263;2023-06-16T18:51:44;99;1;0;0;0;2;Sentinel-1 Sentinel-2
992;117263;2023-06-17T12:44:16;84;0;0;15;1;0;Sentinel-2
993;117263;2023-06-18T18:35:13;95;4;0;0;1;2;Sentinel-1 Sentinel-2
994;117263;2023-06-21T18:59:51;99;1;0;0;0;2;Sentinel-1 Sentinel-2
995;117263;2023-06-22T13:33:54;34;0;0;65;1;0;Sentinel-2
996;117263;2023-06-23T18:43:32;99;1;0;0;0;2;Sentinel-1 Sentinel-2
997;117263;2023-06-28T18:51:44;98;1;0;0;1;2;Sentinel-1 Sentinel-2
998;117263;2023-06-30T18:35:14;98;1;0;0;1;2;Sentinel-1 Sentinel-2
999;117263;2023-07-03T18:59:52;98;2;0;0;0;2;Sentinel-1 Sentinel-2
1000;117263;2023-07-07T13:33:56;1;0;0;98;1;0;Sentinel-2
1001;117263;2023-07-08T13:04:16;0;1;5;93;1;0;Sentinel-2
1002;117263;2023-07-10T18:51:45;99;1;0;0;0;2;Sentinel-1 Sentinel-2
1003;117263;2023-07-12T18:35:15;98;2;0;0;0;2;Sentinel-1 Sentinel-2
1004;117263;2023-07-15T18:59:53;99;1;0;0;0;2;Sentinel-1 Sentinel-2
1005;117263;2023-07-17T18:43:34;99;1;0;0;0;2;Sentinel-1
1006;117263;2023-07-22T18:51:46;99;1;0;0;0;2;Sentinel-1 Sentinel-2
1007;117263;2023-07-24T18:34:51;99;1;0;0;0;2;Sentinel-1 Sentinel-2
1008;117263;2023-07-27T18:59:53;98;2;0;0;0;2;Sentinel-1 Sentinel-2
1009;117263;2023-07-29T18:43:35;99;1;0;0;0;2;Sentinel-1 Sentinel-2
1010;117263;2023-08-01T13:33:46;7;0;2;89;2;0;Sentinel-2
1011;117263;2023-08-03T18:51:47;99;1;0;0;0;2;Sentinel-1 Sentinel-2
1012;117263;2023-08-05T18:35:17;99;1;0;0;0;2;Sentinel-1 Sentinel-2
1013;117263;2023-08-06T13:33:32;0;0;0;99;1;0;Sentinel-1 Sentinel-2
1014;117263;2023-08-07T13:04:15;20;0;0;80;0;0;Sentinel-2
1015;117263;2023-08-08T18:59:54;98;1;0;0;1;2;Sentinel-1 Sentinel-2
1016;117263;2023-08-10T18:43:34;99;1;0;0;0;2;Sentinel-1 Sentinel-2
1017;117263;2023-08-11T13:33:55;100;0;0;0;0;0;Sentinel-2
1018;117263;2023-08-12T13:04:15;1;0;0;98;1;0;Sentinel-2
1019;117263;2023-08-14T12:54:18;99;0;0;0;1;0;Sentinel-2
1020;117263;2023-08-15T18:51:47;98;1;0;0;1;2;Sentinel-1 Sentinel-2
1021;117263;2023-08-17T18:35:17;98;1;0;0;1;2;Sentinel-1 Sentinel-2
1022;117263;2023-08-19T12:53:56;2;0;0;98;0;0;Sentinel-2
1023;117263;2023-08-20T18:59:55;98;1;0;0;1;2;Sentinel-1 Sentinel-2
1024;117263;2023-08-22T18:43:36;99;1;0;0;0;2;Sentinel-1 Sentinel-2
1025;117263;2023-08-24T13:43:26;69;0;2;29;0;0;Sentinel-2
1026;117263;2023-08-27T18:51:48;99;1;0;0;0;2;Sentinel-1 Sentinel-2
1027;117263;2023-08-29T18:35:18;98;2;0;0;0;2;Sentinel-1 Sentinel-2
1028;117263;2023-08-31T12:43:57;68;0;0;32;0;0;Sentinel-2
1029;117263;2023-09-01T18:59:56;99;1;0;0;0;2;Sentinel-1 Sentinel-2
1030;117263;2023-09-03T18:43:37;96;3;1;0;0;1;Sentinel-1 Sentinel-2
1031;117263;2023-09-05T12:44:17;0;0;0;100;0;0;Sentinel-2
1032;117263;2023-09-08T18:51:49;100;0;0;0;0;0;Sentinel-1 Sentinel-2
1033;117263;2023-09-10T18:35:18;98;1;0;0;1;2;Sentinel-1 Sentinel-2
1034;117263;2023-09-11T13:04:18;0;0;0;100;0;0;Sentinel-1 Sentinel-2
1035;117263;2023-09-13T07:42:43;98;1;0;0;1;2;Sentinel-1
1036;117263;2023-09-13T18:59:56;20;0;1;79;0;0;Sentinel-1 Sentinel-2
1037;117263;2023-09-15T18:43:37;99;0;0;0;1;0;Sentinel-1 Sentinel-2
1038;117263;2023-09-20T18:51:49;99;1;0;0;0;2;Sentinel-1 Sentinel-2
1039;117263;2023-09-21T13:04:12;14;1;30;54;1;0;Sentinel-2
1040;117263;2023-09-22T18:35:19;99;1;0;0;0;2;Sentinel-1 Sentinel-2
1041;117263;2023-09-25T18:59:56;99;1;0;0;0;2;Sentinel-1 Sentinel-2
1042;117263;2023-09-27T18:43:37;99;0;0;0;1;2;Sentinel-1 Sentinel-2
1043;117263;2023-10-02T18:51:49;99;1;0;0;0;2;Sentinel-1 Sentinel-2
1044;117263;2023-10-04T18:35:19;99;1;0;0;0;2;Sentinel-1 Sentinel-2
1045;117263;2023-10-06T13:04:02;0;1;2;96;1;0;Sentinel-2
1046;117263;2023-10-07T18:59:56;98;2;0;0;0;2;Sentinel-1 Sentinel-2
1047;117263;2023-10-08T12:54:12;0;1;5;93;1;0;Sentinel-2
1048;117263;2023-10-09T18:43:37;99;1;0;0;0;2;Sentinel-1
1049;117263;2023-10-10T13:33:51;0;0;0;99;1;0;Sentinel-2
1050;117263;2023-10-11T13:03:45;3;6;4;87;0;0;Sentinel-2
1051;117263;2023-10-13T12:54:15;0;4;7;89;0;0;Sentinel-2
1052;117263;2023-10-14T18:51:49;99;1;0;0;0;2;Sentinel-1 Sentinel-2
1053;117263;2023-10-16T18:35:19;86;6;7;0;1;2;Sentinel-1 Sentinel-2
1054;117263;2023-10-19T07:42:44;66;34;0;0;0;2;Sentinel-1
1055;117263;2023-10-21T18:43:38;92;1;7;0;0;2;Sentinel-1 Sentinel-2
1056;117263;2023-10-23T12:54:14;0;0;0;99;1;0;Sentinel-2
1057;117263;2023-10-25T12:44:06;14;0;0;86;0;0;Sentinel-2
1058;117263;2023-10-26T18:51:49;99;1;0;0;0;2;Sentinel-1 Sentinel-2
1059;117263;2023-10-30T13:33:50;62;1;0;37;0;1;Sentinel-2
1060;117263;2023-10-31T18:59:56;98;1;0;0;1;1;Sentinel-1 Sentinel-2
1061;117263;2023-11-02T18:43:37;57;30;13;0;0;2;Sentinel-1 Sentinel-2
1062;117263;2023-11-05T13:04:12;0;0;0;99;1;0;Sentinel-2
1063;117263;2023-11-07T18:51:49;97;1;2;0;0;2;Sentinel-1 Sentinel-2
1064;117263;2023-11-09T18:35:18;68;18;14;0;0;2;Sentinel-1 Sentinel-2
1065;117263;2023-11-12T07:42:43;98;1;0;0;1;2;Sentinel-1
1066;117263;2023-11-14T18:43:37;99;1;0;0;0;2;Sentinel-1 Sentinel-2
1067;117263;2023-11-19T07:34:33;99;1;0;0;0;2;Sentinel-1
